building_name,building_type,address,floor,transport,building_age,building_materials,room_floor,rent_fee,management_fee,deposit,gift_money,house_plan,house_area
ＳｏＫｏ　ＰＡＲＣＯ,マンション,東京都新宿区百人町３丁目,5階建て, ＪＲ総武線 大久保駅/徒歩11分ＪＲ山手線 新大久保駅/徒歩11分ＪＲ山手線 高田馬場駅/徒歩12分,築0年,鉄筋コンクリート,3階,13.2万円,"5,000円",－,1ヶ月,1LDK,27.31m²
メゾンドシエル,マンション,東京都新宿区北新宿２丁目,3階建て, 東京メトロ丸ノ内線 中野坂上駅/徒歩9分東京メトロ丸ノ内線 西新宿駅/徒歩10分ＪＲ総武線 東中野駅/徒歩14分,築9年,鉄筋コンクリート,1階,12.8万円,－,1ヶ月,1ヶ月,1DK,35.47m²
マイネシュロッス四谷２０４号室,マンション,東京都新宿区左門町,14階建て, 東京メトロ丸ノ内線 四谷三丁目駅/徒歩1分都営新宿線 曙橋駅/徒歩8分中央本線（ＪＲ東日本） 四ツ谷駅/徒歩11分,築18年,鉄骨鉄筋コンクリート,2階,11万円,"6,000円",－,－,1K,26.04m²
メゾン・ド・ヴィレ市ヶ谷,マンション,東京都新宿区市谷本村町,8階建て, ＪＲ総武線 市ケ谷駅/徒歩4分中央本線（ＪＲ東日本） 四ツ谷駅/徒歩8分東京メトロ有楽町線 麹町駅/徒歩17分,築23年,鉄筋コンクリート,2階,8.9万円,"10,000円",－,－,1K,25.85m²
パインコーポ,アパート,東京都新宿区北新宿２丁目,2階建て, 東京メトロ丸ノ内線 中野坂上駅/徒歩8分東京メトロ丸ノ内線 西新宿駅/徒歩8分ＪＲ総武線 大久保駅/徒歩12分,築33年,木造,1階,7.8万円,－,1ヶ月,1ヶ月,1DK,22.08m²
ＣＬＡＳＳＥＵＭ飯田橋,マンション,東京都新宿区新小川町,8階建て, ＪＲ総武線 飯田橋駅/徒歩6分都営大江戸線 牛込神楽坂駅/徒歩8分東京メトロ東西線 神楽坂駅/徒歩11分,築0年,鉄筋コンクリート,1階,14.8万円,"10,000円",－,－,2K,30.03m²
ＨＦ西新宿レジデンスＷＥＳＴ,マンション,東京都新宿区西新宿８丁目,12階建て, 東京メトロ丸ノ内線 西新宿駅/徒歩5分ＪＲ総武線 大久保駅/徒歩7分西武鉄道新宿線 西武新宿駅/徒歩7分,築16年,鉄筋コンクリート,4階,13.2万円,"12,000円",1ヶ月,－,1DK,32.64m²
ヴィラ若松町,一戸建て,東京都新宿区若松町,2階建て, 都営大江戸線 若松河田駅/徒歩5分都営大江戸線 東新宿駅/徒歩6分都営大江戸線 牛込柳町駅/徒歩13分,築44年,鉄骨造,1階,20万円,－,2ヶ月,1ヶ月,2SLDK,70m²
フレシール中落合,マンション,東京都新宿区中落合１丁目,3階建て, 都営大江戸線 中井駅/徒歩5分西武鉄道新宿線 下落合駅/徒歩8分東京メトロ東西線 落合駅/徒歩12分,築3年,鉄筋コンクリート,3階,5.8万円,"10,000円",－,－,1R,9.14m²
四ッ谷フラッツ,マンション,東京都新宿区荒木町,6階建て, 東京メトロ丸ノ内線 四谷三丁目駅/徒歩4分都営新宿線 曙橋駅/徒歩7分東京メトロ丸ノ内線 四ツ谷駅/徒歩10分,築16年,鉄骨造,3階,9.7万円,"6,000円",1ヶ月,－,1K,24.59m²
トリノマンション,マンション,東京都新宿区富久町,3階建て, 都営新宿線 曙橋駅/徒歩10分東京メトロ副都心線 東新宿駅/徒歩10分東京メトロ丸ノ内線 新宿御苑前駅/徒歩12分,築30年,鉄骨造,2階,9.8万円,"5,000円",－,－,2DK,35.23m²
東京都新宿区中落合１丁目,マンション,東京都新宿区中落合１丁目,3階建て, 都営大江戸線 中井駅/徒歩5分西武鉄道新宿線 下落合駅/徒歩8分東京メトロ東西線 落合駅/徒歩12分,築3年,鉄筋コンクリート,3階,5.8万円,"10,000円",－,－,1R,9.14m²
ビーンズ　ハウス,アパート,東京都新宿区原町２丁目,3階建て, 東京メトロ東西線 早稲田駅/徒歩5分都営大江戸線 牛込柳町駅/徒歩7分都営新宿線 曙橋駅/徒歩17分,築2年,木造,2階,12.1万円,"3,000円",1ヶ月,1ヶ月,1LDK,40.05m²
ハナブサワンハイム,アパート,東京都新宿区高田馬場３丁目,2階建て, ＪＲ山手線 高田馬場駅/徒歩7分,築19年,木造,1階,5.6万円,"3,000円",1ヶ月,－,1R,12.2m²
サンシャインマンション,マンション,東京都新宿区北新宿２丁目,4階建て, 東京メトロ丸ノ内線 西新宿駅/徒歩8分東京メトロ丸ノ内線 中野坂上駅/徒歩10分ＪＲ総武線 大久保駅/徒歩10分,築0年,鉄筋コンクリート,1階,45.76万円,－,6ヶ月,1ヶ月,店舗,85.87m²
Ｂａｌｍｏｒａｌ（バルモラル）,アパート,東京都新宿区上落合３丁目,3階建て, 東京メトロ東西線 落合駅/徒歩3分西武鉄道新宿線 中井駅/徒歩7分都営大江戸線 東中野駅/徒歩13分,築8年,木造,3階,8.5万円,"2,000円",1ヶ月,1ヶ月,1K,35.6m²
コージー新宿,マンション,東京都新宿区新宿６丁目,3階建て, 東京メトロ丸ノ内線 新宿御苑前駅/徒歩5分東京メトロ丸ノ内線 新宿三丁目駅/徒歩6分ＪＲ山手線 新宿駅/徒歩13分,築38年,鉄筋コンクリート,3階,5.5万円,"5,000円",1ヶ月,1ヶ月,1K,16.15m²
エクスクルーシブ中井ＰＡＲＴⅡ,マンション,東京都新宿区中落合４丁目,4階建て, 都営大江戸線 落合南長崎駅/徒歩5分都営大江戸線 中井駅/徒歩9分東京メトロ東西線 落合駅/徒歩15分,築33年,鉄筋コンクリート,1階,5.8万円,"3,000円",1ヶ月,－,1R,22.02m²
ＳｏＫｏ　ＰＡＲＣＯ,マンション,東京都新宿区百人町３丁目,5階建て, ＪＲ総武線 大久保駅/徒歩11分ＪＲ山手線 新大久保駅/徒歩11分ＪＲ山手線 高田馬場駅/徒歩12分,築0年,鉄筋コンクリート,1階,11万円,"5,000円",－,1ヶ月,1K,25.08m²
クレール西新宿,アパート,東京都新宿区西新宿４丁目,3階建て, 都営大江戸線 西新宿五丁目駅/徒歩8分京王電鉄京王線 初台駅/徒歩11分都営大江戸線 都庁前駅/徒歩16分,築8年,木造,1階,8.1万円,"2,000円",1ヶ月,1ヶ月,1K,25.05m²
オープンレジデンシア新宿余丁町,マンション,東京都新宿区余丁町,6階建て, 都営大江戸線 若松河田駅/徒歩4分都営新宿線 曙橋駅/徒歩11分都営大江戸線 東新宿駅/徒歩11分,築7年,鉄筋コンクリート,1階,17.8万円,"12,000円",1ヶ月,1ヶ月,1LDK,50.57m²
ＳｏＫｏ　ＰＡＲＣＯ,マンション,東京都新宿区百人町３丁目,5階建て, ＪＲ総武線 大久保駅/徒歩11分ＪＲ山手線 新大久保駅/徒歩11分ＪＲ山手線 高田馬場駅/徒歩12分,築0年,鉄筋コンクリート,1階,11万円,"5,000円",－,1ヶ月,1K,25.08m²
ＨＪ　ＰＬＡＣＥ　東新宿,マンション,東京都新宿区余丁町,4階建て, 都営大江戸線 若松河田駅/徒歩5分都営新宿線 曙橋駅/徒歩11分都営大江戸線 東新宿駅/徒歩13分,築0年,鉄筋コンクリート,2階,8.4万円,"6,000円",－,－,1R,12m²
東京都新宿区西落合１丁目,マンション,東京都新宿区西落合１丁目,5階建て, 都営大江戸線 落合南長崎駅/徒歩7分西武鉄道新宿線 新井薬師前駅/徒歩14分都営大江戸線 中井駅/徒歩13分,築1年,鉄筋コンクリート,2階,9.45万円,"12,000円",－,－,1K,25.51m²
東京都新宿区上落合１丁目,マンション,東京都新宿区上落合１丁目,4階建て, 東京メトロ東西線 落合駅/徒歩5分都営大江戸線 中井駅/徒歩8分西武鉄道新宿線 下落合駅/徒歩9分,築1年,鉄筋コンクリート,1階,10.1万円,"10,000円",－,1ヶ月,1K,25.54m²
市谷鷹匠町レジデンス,マンション,東京都新宿区市谷鷹匠町,5階建て, 東京メトロ南北線 市ケ谷駅/徒歩6分都営大江戸線 牛込神楽坂駅/徒歩8分都営大江戸線 牛込柳町駅/徒歩14分,築1年,鉄筋コンクリート,5階,13.4万円,"9,000円","134,000円",－,1DK,25.37m²
パークアクシス神楽坂・早稲田通り,マンション,東京都新宿区東榎町,13階建て, 東京メトロ東西線 神楽坂駅/徒歩5分東京メトロ有楽町線 江戸川橋駅/徒歩8分都営大江戸線 牛込神楽坂駅/徒歩12分,築1年,鉄筋コンクリート,3階,15.3万円,"12,000円",1ヶ月,－,1DK,30.02m²
東京都新宿区東五軒町,マンション,東京都新宿区東五軒町,5階建て, 東京メトロ東西線 神楽坂駅/徒歩8分東京メトロ有楽町線 江戸川橋駅/徒歩8分都営大江戸線 飯田橋駅/徒歩11分,築2年,鉄筋コンクリート,2階,8.2万円,"8,000円",－,1ヶ月,1K,14.13m²
スカイコートグレース新宿中落合,マンション,東京都新宿区中落合１丁目,4階建て, 都営大江戸線 中井駅/徒歩8分西武鉄道新宿線 下落合駅/徒歩10分都営大江戸線 落合南長崎駅/徒歩11分,築2年,鉄筋コンクリート,1階,9.67万円,"8,300円",1ヶ月,1ヶ月,1K,25.86m²
ザ・パークワンズ山吹神楽坂,マンション,東京都新宿区山吹町,7階建て, 東京メトロ有楽町線 江戸川橋駅/徒歩6分東京メトロ東西線 神楽坂駅/徒歩7分都営大江戸線 牛込柳町駅/徒歩15分,築2年,鉄筋コンクリート,7階,10.4万円,"15,000円","104,000円",－,1K,25.53m²
東京都新宿区北新宿３丁目,マンション,東京都新宿区北新宿３丁目,5階建て, 都営大江戸線 東中野駅/徒歩7分ＪＲ総武線 大久保駅/徒歩12分東京メトロ東西線 落合駅/徒歩12分,築2年,鉄筋コンクリート,1階,11.15万円,"10,000円",1ヶ月,－,1K,25.55m²
リーブルグラント西新宿　ＷＥＳＴ,マンション,東京都新宿区西新宿８丁目,13階建て, 東京メトロ丸ノ内線 西新宿駅/徒歩5分都営大江戸線 新宿西口駅/徒歩9分ＪＲ山手線 新宿駅/徒歩13分,築2年,鉄筋コンクリート,3階,12.2万円,"10,000円",1ヶ月,1.5ヶ月,1K,25.37m²
プレール・ドゥーク新宿Ｗｅｓｔ,マンション,東京都新宿区北新宿２丁目,7階建て, 東京メトロ丸ノ内線 西新宿駅/徒歩7分東京メトロ方南支線 中野坂上駅/徒歩8分ＪＲ総武線 大久保駅/徒歩14分,築2年,鉄筋コンクリート,2階,20.3万円,"15,000円",1ヶ月,－,1LDK,40.55m²
ＧＥＮＯＶＩＡ　四谷三丁目　ｇｒｅｅｎ　ｖｅｉｌ,マンション,東京都新宿区大京町,10階建て, 東京メトロ丸ノ内線 四谷三丁目駅/徒歩7分東京メトロ丸ノ内線 新宿御苑前駅/徒歩8分都営大江戸線 国立競技場駅/徒歩10分,築2年,鉄筋コンクリート,1階,13万円,"10,000円",－,－,1K,25.44m²
ピアース神楽坂レジデンス,マンション,東京都新宿区赤城下町,6階建て, 東京メトロ東西線 神楽坂駅/徒歩3分東京メトロ有楽町線 江戸川橋駅/徒歩8分都営大江戸線 牛込神楽坂駅/徒歩9分,築2年,鉄筋コンクリート,1階,21.3万円,"5,000円",1ヶ月,1ヶ月,1LDK,40.8m²
ＰＡＳＥＯ新宿３丁目Ⅰ,マンション,東京都新宿区新宿６丁目,5階建て, 東京メトロ丸ノ内線 新宿三丁目駅/徒歩7分都営大江戸線 東新宿駅/徒歩8分東京メトロ丸ノ内線 新宿御苑前駅/徒歩9分,築2年,鉄筋コンクリート,1階,21万円,"6,000円",－,－,1LDK,44.6m²
ハーモニーレジデンス新宿四谷,マンション,東京都新宿区大京町,5階建て, 東京メトロ丸ノ内線 四谷三丁目駅/徒歩7分ＪＲ総武線 信濃町駅/徒歩8分都営大江戸線 国立競技場駅/徒歩8分,築3年,鉄筋コンクリート,1階,12万円,"15,000円",1ヶ月,－,1DK,25.96m²
ザ・パークハビオ神楽坂香月,マンション,東京都新宿区水道町,8階建て, 東京メトロ有楽町線 江戸川橋駅/徒歩4分東京メトロ東西線 神楽坂駅/徒歩6分都営大江戸線 牛込神楽坂駅/徒歩13分,築3年,鉄筋コンクリート,1階,12.5万円,"10,000円","125,000円",－,1K,27.49m²
Ｂｒｉｌｌｉａ　ｉｓｔ　千駄ヶ谷,マンション,東京都新宿区大京町,10階建て, 都営大江戸線 国立競技場駅/徒歩3分ＪＲ総武線 千駄ケ谷駅/徒歩4分ＪＲ総武線 信濃町駅/徒歩10分,築3年,鉄筋コンクリート,3階,12.6万円,"10,000円",1ヶ月,1ヶ月,1K,26.18m²
グランエッグス西新宿Ｓ,アパート,東京都新宿区西新宿３丁目,3階建て, 京王電鉄京王線 初台駅/徒歩6分都営大江戸線 都庁前駅/徒歩11分都営大江戸線 西新宿五丁目駅/徒歩12分,築4年,木造,3階,11.9万円,"4,000円",－,－,1R,27.55m²
ＡＬＴＥＲＮＡ神楽坂Ⅱ,マンション,東京都新宿区西五軒町,7階建て, 東京メトロ東西線 神楽坂駅/徒歩5分都営大江戸線 飯田橋駅/徒歩10分東京メトロ有楽町線 江戸川橋駅/徒歩8分,築4年,鉄筋コンクリート,2階,11.6万円,"10,000円",－,－,1K,25.05m²
ＡＬＴＥＲＮＡ神楽坂Ⅰ,マンション,東京都新宿区西五軒町,9階建て, 東京メトロ東西線 神楽坂駅/徒歩6分都営大江戸線 牛込神楽坂駅/徒歩9分東京メトロ有楽町線 江戸川橋駅/徒歩9分,築4年,鉄筋コンクリート,1階,20.3万円,"15,000円",－,－,1LDK,40.06m²
ＳｏＫｏ　ＰＡＲＣＯ,マンション,東京都新宿区百人町３丁目,5階建て, ＪＲ総武線 大久保駅/徒歩11分ＪＲ山手線 新大久保駅/徒歩11分ＪＲ山手線 高田馬場駅/徒歩12分,築0年,鉄筋コンクリート,3階,13.2万円,"5,000円",－,1ヶ月,1LDK,27.31m²
飯田橋ガーデンフラッツ,マンション,東京都新宿区新小川町,10階建て, ＪＲ総武線 飯田橋駅/徒歩5分,築4年,鉄筋コンクリート,6階,14.6万円,"15,000円","146,000円","146,000円",1R,32.89m²
フェリスタ落合,アパート,東京都新宿区上落合３丁目,2階建て, 東京メトロ東西線 落合駅/徒歩1分都営大江戸線 東中野駅/徒歩6分西武鉄道新宿線 中井駅/徒歩10分,築5年,木造,1階,6.4万円,"3,500円",－,1ヶ月,1R,10.03m²
東京都新宿区市谷仲之町,マンション,東京都新宿区市谷仲之町,5階建て, 都営新宿線 曙橋駅/徒歩4分都営大江戸線 牛込柳町駅/徒歩11分東京メトロ丸ノ内線 四谷三丁目駅/徒歩11分,築5年,鉄筋コンクリート,3階,11.2万円,"10,000円",1ヶ月,0.5ヶ月,1K,25.52m²
リンデンコート市ヶ谷,マンション,東京都新宿区市谷本村町,12階建て, ＪＲ総武線 市ケ谷駅/徒歩7分中央本線（ＪＲ東日本） 四ツ谷駅/徒歩9分東京メトロ有楽町線 麹町駅/徒歩13分,築5年,鉄筋コンクリート,3階,12.4万円,"10,000円",1ヶ月,1ヶ月,1K,28.05m²
ＺＯＯＭ都庁前,マンション,東京都新宿区西新宿３丁目,15階建て, ＪＲ山手線 新宿駅/徒歩11分都営大江戸線 都庁前駅/徒歩6分京王電鉄京王線 初台駅/徒歩9分,築5年,鉄筋コンクリート,4階,13.4万円,"8,000円",－,－,1K,30.71m²
ｃｏｃｏｔｅｒｒａｃｅ,アパート,東京都新宿区高田馬場２丁目,2階建て, ＪＲ山手線 高田馬場駅/徒歩7分東京メトロ東西線 早稲田駅/徒歩4分都電荒川線 面影橋駅/徒歩9分,築6年,木造,1階,7.3万円,"3,500円",－,－,1R,11.04m²
プレール・ドゥーク東新宿Ⅲ,マンション,東京都新宿区新宿６丁目,13階建て, 都営大江戸線 東新宿駅/徒歩6分都営大江戸線 若松河田駅/徒歩6分ＪＲ山手線 新宿駅/徒歩17分,築6年,鉄筋コンクリート,13階,10.5万円,"8,000円",－,1ヶ月,1K,25.79m²
アイル新宿イースト,マンション,東京都新宿区余丁町,8階建て, 都営大江戸線 若松河田駅/徒歩4分東京メトロ副都心線 東新宿駅/徒歩10分都営新宿線 曙橋駅/徒歩10分,築6年,鉄筋コンクリート,3階,11.9万円,"10,000円",1ヶ月,1ヶ月,1DK,25.08m²
ドムス・スタイル神楽坂,マンション,東京都新宿区東五軒町,11階建て, ＪＲ総武線 飯田橋駅/徒歩9分東京メトロ東西線 神楽坂駅/徒歩11分東京メトロ有楽町線 江戸川橋駅/徒歩9分,築6年,鉄筋コンクリート,7階,11.5万円,"10,000円",－,－,1K,25.5m²
東京都新宿区新宿４丁目,マンション,東京都新宿区新宿４丁目,4階建て, 東京メトロ丸ノ内線 新宿三丁目駅/徒歩2分ＪＲ山手線 新宿駅/徒歩5分東京メトロ丸ノ内線 新宿御苑前駅/徒歩9分,築7年,鉄骨造,3階,8.6万円,"5,000円",1ヶ月,1ヶ月,1R,19.3m²
プライムメゾン市谷山伏町,マンション,東京都新宿区市谷山伏町,13階建て, 都営大江戸線 牛込柳町駅/徒歩4分都営大江戸線 牛込神楽坂駅/徒歩10分都営大江戸線 若松河田駅/徒歩11分,築7年,鉄筋コンクリート,1階,9.6万円,"10,000円",1ヶ月,－,1K,26.29m²
東京都新宿区市谷山伏町,マンション,東京都新宿区市谷山伏町,13階建て, 都営大江戸線 牛込柳町駅/徒歩4分都営大江戸線 牛込神楽坂駅/徒歩10分都営大江戸線 若松河田駅/徒歩11分,築7年,鉄筋コンクリート,1階,9.6万円,"10,000円",1ヶ月,－,1K,26.29m²
ジェノヴィア新宿グリーンヴェール,マンション,東京都新宿区新宿７丁目,14階建て, 都営大江戸線 東新宿駅/徒歩1分東京メトロ副都心線 西早稲田駅/徒歩10分ＪＲ山手線 新大久保駅/徒歩13分,築7年,鉄筋コンクリート,3階,11.6万円,"10,000円",1ヶ月,1ヶ月,1K,26.93m²
ＬＡＰｉＳ四谷三丁目,マンション,東京都新宿区愛住町,4階建て, 東京メトロ丸ノ内線 四谷三丁目駅/徒歩3分都営新宿線 曙橋駅/徒歩9分東京メトロ丸ノ内線 新宿御苑前駅/徒歩9分,築7年,鉄筋コンクリート,2階,12.8万円,"8,000円",－,－,1R,26.24m²
東京都新宿区早稲田町,マンション,東京都新宿区早稲田町,9階建て, 東京メトロ東西線 早稲田駅/徒歩6分東京メトロ東西線 神楽坂駅/徒歩10分都営大江戸線 牛込柳町駅/徒歩10分,築7年,鉄筋コンクリート,4階,13.6万円,"11,000円",－,1ヶ月,1K,34.92m²
ＢＬＥＳＳ北新宿,マンション,東京都新宿区北新宿１丁目,5階建て, ＪＲ総武線 大久保駅/徒歩8分東京メトロ丸ノ内線 西新宿駅/徒歩10分ＪＲ山手線 新大久保駅/徒歩12分,築7年,鉄筋コンクリート,1階,18.5万円,"12,000円","185,000円","185,000円",1R,45.82m²
東京都新宿区富久町,マンション,東京都新宿区富久町,55階建て, 東京メトロ丸ノ内線 新宿御苑前駅/徒歩5分都営新宿線 曙橋駅/徒歩9分東京メトロ副都心線 新宿三丁目駅/徒歩8分,築7年,鉄筋コンクリート,25階,35.8万円,－,2ヶ月,1ヶ月,2LDK,58.03m²
コンフォリア神楽坂ＤＥＵＸ,マンション,東京都新宿区岩戸町,13階建て, 都営大江戸線 牛込神楽坂駅/徒歩2分東京メトロ東西線 神楽坂駅/徒歩6分都営大江戸線 飯田橋駅/徒歩8分,築9年,鉄筋コンクリート,10階,12.9万円,"8,000円","129,000円",－,1K,26.22m²
ザ・ミッドハウス新宿御苑,マンション,東京都新宿区新宿１丁目,14階建て, 東京メトロ丸ノ内線 新宿御苑前駅/徒歩2分東京メトロ丸ノ内線 新宿三丁目駅/徒歩8分東京メトロ丸ノ内線 四谷三丁目駅/徒歩10分,築9年,鉄筋コンクリート,4階,15万円,"10,000円","150,000円","150,000円",1R,30.22m²
ガリシア新宿都庁前,マンション,東京都新宿区西新宿４丁目,6階建て, 都営大江戸線 西新宿五丁目駅/徒歩4分都営大江戸線 都庁前駅/徒歩8分東京メトロ丸ノ内線 西新宿駅/徒歩13分,築10年,鉄筋コンクリート,2階,9.8万円,"12,000円",1ヶ月,1ヶ月,1K,25.35m²
ＳｏＫｏ　ＰＡＲＣＯ,マンション,東京都新宿区百人町３丁目,5階建て, ＪＲ総武線 大久保駅/徒歩11分ＪＲ山手線 新大久保駅/徒歩11分ＪＲ山手線 高田馬場駅/徒歩12分,築0年,鉄筋コンクリート,1階,11万円,"5,000円",－,1ヶ月,1K,25.08m²
ホワイトジンファンデル神楽坂,マンション,東京都新宿区弁天町,4階建て, 東京メトロ東西線 早稲田駅/徒歩8分東京メトロ東西線 神楽坂駅/徒歩8分都営大江戸線 牛込柳町駅/徒歩9分,築11年,鉄骨造,1階,8.7万円,"3,000円",1ヶ月,1ヶ月,1R,24.84m²
東京都新宿区北新宿４丁目,マンション,東京都新宿区北新宿４丁目,7階建て, 都営大江戸線 東中野駅/徒歩8分ＪＲ総武線 大久保駅/徒歩11分東京メトロ東西線 落合駅/徒歩11分,築11年,鉄筋コンクリート,4階,12.6万円,"10,000円",1ヶ月,－,1R,31.98m²
メゾントレフル,アパート,東京都新宿区若葉１丁目,2階建て, 東京メトロ丸ノ内線 四ツ谷駅/徒歩6分東京メトロ丸ノ内線 四谷三丁目駅/徒歩13分ＪＲ総武線 信濃町駅/徒歩14分,築11年,木造,1階,16.7万円,"3,000円",1ヶ月,1ヶ月,1LDK,44.3m²
レジディア四谷三丁目,マンション,東京都新宿区荒木町,10階建て, 都営新宿線 曙橋駅/徒歩2分東京メトロ丸ノ内線 四谷三丁目駅/徒歩7分ＪＲ総武線 四ツ谷駅/徒歩14分,築13年,鉄筋コンクリート,9階,15万円,"10,000円",1ヶ月,2ヶ月,1R,38.5m²
ＰＲＩＭＥ　ＵＲＢＡＮ　東中野　ＣＯＵＲＴ,マンション,東京都新宿区北新宿４丁目,10階建て, ＪＲ総武線 東中野駅/徒歩8分東京メトロ東西線 落合駅/徒歩8分西武鉄道新宿線 下落合駅/徒歩12分,築13年,鉄筋コンクリート,1階,16.7万円,"13,000円",1ヶ月,1ヶ月,1LDK,44.85m²
パークキューブ四谷三丁目,マンション,東京都新宿区荒木町,10階建て, 都営新宿線 曙橋駅/徒歩3分東京メトロ丸ノ内線 四谷三丁目駅/徒歩6分都営大江戸線 若松河田駅/徒歩13分,築14年,鉄筋コンクリート,1階,10.4万円,"8,000円",1ヶ月,1ヶ月,1R,24.6m²
トレステージ四谷,マンション,東京都新宿区左門町,11階建て, 東京メトロ丸ノ内線 四谷三丁目駅/徒歩5分ＪＲ総武線 信濃町駅/徒歩9分都営新宿線 曙橋駅/徒歩12分,築14年,鉄骨造,6階,14.6万円,"12,000円",1ヶ月,1ヶ月,1K,31.51m²
ランテンヌ四谷,マンション,東京都新宿区若葉１丁目,7階建て, ＪＲ総武線 四ツ谷駅/徒歩8分東京メトロ丸ノ内線 四谷三丁目駅/徒歩6分ＪＲ総武線 信濃町駅/徒歩13分,築14年,鉄筋コンクリート,3階,29.5万円,"10,000円",1ヶ月,1ヶ月,1LDK,60.62m²
アドバンス明豊,マンション,東京都新宿区四谷坂町,4階建て, 都営新宿線 曙橋駅/徒歩4分東京メトロ丸ノ内線 四谷三丁目駅/徒歩8分東京メトロ南北線 四ツ谷駅/徒歩11分,築15年,鉄筋コンクリート,1階,8.9万円,－,2ヶ月,－,1K,20.25m²
コンフォリア東中野,マンション,東京都新宿区北新宿４丁目,7階建て, 都営大江戸線 東中野駅/徒歩7分東京メトロ東西線 落合駅/徒歩9分ＪＲ総武線 大久保駅/徒歩14分,築15年,鉄筋コンクリート,2階,8.5万円,"5,000円","85,000円",－,1R,20.01m²
ガーラ・ステーション新宿御苑前,マンション,東京都新宿区新宿１丁目,15階建て, 東京メトロ丸ノ内線 新宿御苑前駅/徒歩2分東京メトロ丸ノ内線 新宿三丁目駅/徒歩6分東京メトロ丸ノ内線 四谷三丁目駅/徒歩12分,築15年,鉄筋コンクリート,3階,10.25万円,"9,000円",1ヶ月,1.5ヶ月,1K,23.49m²
ディモーラ,マンション,東京都新宿区西新宿３丁目,8階建て, 京王電鉄京王線 初台駅/徒歩6分都営大江戸線 都庁前駅/徒歩10分ＪＲ山手線 新宿駅/徒歩14分,築15年,鉄筋コンクリート,4階,13.8万円,"7,000円",1ヶ月,1ヶ月,1K,39.91m²
Ｃｏｌｌｉｎｅ白銀,マンション,東京都新宿区白銀町,3階建て, 都営大江戸線 牛込神楽坂駅/徒歩5分東京メトロ東西線 神楽坂駅/徒歩5分都営大江戸線 飯田橋駅/徒歩8分,築15年,鉄筋コンクリート,1階,30万円,"10,000円",1ヶ月,1ヶ月,1LDK,75.12m²
ステージファースト西新宿,マンション,東京都新宿区西新宿５丁目,14階建て, 都営大江戸線 西新宿五丁目駅/徒歩5分都営大江戸線 都庁前駅/徒歩7分東京メトロ丸ノ内線 中野坂上駅/徒歩9分,築16年,鉄筋コンクリート,10階,8.2万円,"5,000円",1ヶ月,1ヶ月,1K,20.33m²
グランフォート　余丁町,マンション,東京都新宿区余丁町,10階建て, 都営大江戸線 若松河田駅/徒歩3分都営大江戸線 東新宿駅/徒歩10分都営新宿線 曙橋駅/徒歩18分,築16年,鉄筋コンクリート,8階,8.4万円,"6,000円",1ヶ月,1ヶ月,1K,22.36m²
アクシルコート市谷台町坂,マンション,東京都新宿区住吉町,7階建て, 都営新宿線 曙橋駅/徒歩3分東京メトロ丸ノ内線 四谷三丁目駅/徒歩9分東京メトロ丸ノ内線 新宿御苑前駅/徒歩13分,築16年,鉄骨鉄筋コンクリート,3階,19.5万円,"15,000円",2ヶ月,－,1LDK,45.8m²
東京都新宿区市谷砂土原町２丁目,マンション,東京都新宿区市谷砂土原町２丁目,5階建て, 東京メトロ南北線 市ケ谷駅/徒歩5分東京メトロ東西線 神楽坂駅/徒歩13分都営大江戸線 飯田橋駅/徒歩15分,築17年,鉄筋コンクリート,4階,8.8万円,"7,000円",－,－,1K,18.2m²
ザ・パーククロス市ヶ谷,マンション,東京都新宿区市谷砂土原町２丁目,5階建て, 東京メトロ南北線 市ケ谷駅/徒歩5分東京メトロ東西線 神楽坂駅/徒歩13分都営大江戸線 飯田橋駅/徒歩15分,築17年,鉄筋コンクリート,4階,8.8万円,"7,000円",－,－,1K,18.2m²
パレステュディオ四谷三丁目,マンション,東京都新宿区荒木町,8階建て, 都営新宿線 曙橋駅/徒歩2分東京メトロ丸ノ内線 四谷三丁目駅/徒歩6分ＪＲ総武線 四ツ谷駅/徒歩13分,築17年,鉄筋コンクリート,4階,10万円,"10,500円",－,1ヶ月,1K,21.88m²
プリムヴェール四谷,マンション,東京都新宿区荒木町,13階建て, 東京メトロ丸ノ内線 四谷三丁目駅/徒歩6分都営新宿線 曙橋駅/徒歩9分中央本線（ＪＲ東日本） 四ツ谷駅/徒歩10分,築17年,鉄筋コンクリート,4階,10.7万円,"6,000円",－,1ヶ月,1K,30.33m²
ＳｏＫｏ　ＰＡＲＣＯ,マンション,東京都新宿区百人町３丁目,5階建て, ＪＲ総武線 大久保駅/徒歩11分ＪＲ山手線 新大久保駅/徒歩11分ＪＲ山手線 高田馬場駅/徒歩12分,築0年,鉄筋コンクリート,3階,13.2万円,"5,000円",－,1ヶ月,1LDK,27.98m²
ＣＩＴＹ　ＳＰＩＲＥ若松町,マンション,東京都新宿区若松町,5階建て, 都営大江戸線 若松河田駅/徒歩8分都営大江戸線 東新宿駅/徒歩10分東京メトロ副都心線 西早稲田駅/徒歩15分,築17年,鉄筋コンクリート,3階,16万円,"10,000円",1ヶ月,1ヶ月,1DK,36.83m²
プレール・ドゥーク北新宿,マンション,東京都新宿区北新宿４丁目,8階建て, ＪＲ総武線 東中野駅/徒歩7分東京メトロ東西線 落合駅/徒歩11分ＪＲ総武線 大久保駅/徒歩11分,築18年,鉄筋コンクリート,7階,7.9万円,"8,000円",－,"79,000円",1K,19.95m²
プレール・ドゥーク西新宿,マンション,東京都新宿区西新宿４丁目,5階建て, 都営大江戸線 西新宿五丁目駅/徒歩7分都営大江戸線 都庁前駅/徒歩9分京王電鉄京王線 初台駅/徒歩11分,築18年,鉄筋コンクリート,3階,8.3万円,"10,000円",－,－,1K,22.04m²
マイネシュロッス四谷,マンション,東京都新宿区左門町,14階建て, 東京メトロ丸ノ内線 四谷三丁目駅/徒歩1分都営新宿線 曙橋駅/徒歩9分ＪＲ総武線 四ツ谷駅/徒歩11分,築18年,鉄骨鉄筋コンクリート,2階,11.5万円,"6,000円",－,－,1K,26.04m²
パークアクシス神楽坂ステージ,マンション,東京都新宿区水道町,8階建て, 東京メトロ有楽町線 江戸川橋駅/徒歩5分東京メトロ東西線 神楽坂駅/徒歩7分ＪＲ総武線 飯田橋駅/徒歩15分,築18年,鉄筋コンクリート,3階,12.9万円,"8,000円",1ヶ月,－,1K,34.67m²
東京都新宿区西新宿４丁目,マンション,東京都新宿区西新宿４丁目,12階建て, 京王電鉄京王線 初台駅/徒歩6分都営大江戸線 西新宿五丁目駅/徒歩8分ＪＲ山手線 新宿駅/徒歩18分,築18年,鉄筋コンクリート,11階,13.5万円,"10,000円",1ヶ月,1ヶ月,1DK,35.59m²
グランアビテ四谷３丁目ステーションフロント,マンション,東京都新宿区四谷３丁目,13階建て, 東京メトロ丸ノ内線 四谷三丁目駅/徒歩1分都営新宿線 曙橋駅/徒歩9分東京メトロ丸ノ内線 新宿御苑前駅/徒歩11分,築18年,鉄筋コンクリート,8階,17万円,－,1ヶ月,1ヶ月,1DK,32.35m²
ガーネットコート四谷,マンション,東京都新宿区左門町,11階建て, 東京メトロ丸ノ内線 四谷三丁目駅/徒歩4分ＪＲ総武線 信濃町駅/徒歩7分都営大江戸線 国立競技場駅/徒歩12分,築18年,鉄骨鉄筋コンクリート,10階,22万円,"15,000円",1ヶ月,－,1LDK,52.36m²
スカイコート新宿曙橋第２,マンション,東京都新宿区住吉町,12階建て, 都営新宿線 曙橋駅/徒歩2分東京メトロ丸ノ内線 四谷三丁目駅/徒歩8分都営大江戸線 若松河田駅/徒歩16分,築19年,鉄筋コンクリート,2階,8.9万円,"10,500円",－,1ヶ月,1R,20m²
東京都新宿区新宿１丁目,マンション,東京都新宿区新宿１丁目,8階建て, 東京メトロ丸ノ内線 新宿御苑前駅/徒歩3分東京メトロ丸ノ内線 四谷三丁目駅/徒歩9分東京メトロ副都心線 新宿三丁目駅/徒歩11分,築19年,鉄筋コンクリート,1階,9.5万円,"10,000円",－,－,1K,32m²
東京都新宿区岩戸町,マンション,東京都新宿区岩戸町,15階建て, 都営大江戸線 牛込神楽坂駅/徒歩2分東京メトロ東西線 神楽坂駅/徒歩6分都営大江戸線 飯田橋駅/徒歩7分,築19年,鉄骨鉄筋コンクリート,5階,12.9万円,"10,000円",－,－,1K,32.24m²
カスタリア新宿御苑,マンション,東京都新宿区新宿２丁目,15階建て, 東京メトロ丸ノ内線 新宿三丁目駅/徒歩3分東京メトロ丸ノ内線 新宿御苑前駅/徒歩4分ＪＲ山手線 新宿駅/徒歩10分,築19年,鉄骨鉄筋コンクリート,3階,13.4万円,"10,000円",1ヶ月,1ヶ月,1R,32.17m²
フォルム四谷外苑東,マンション,東京都新宿区左門町,15階建て, 東京メトロ丸ノ内線 四谷三丁目駅/徒歩4分ＪＲ総武線 信濃町駅/徒歩7分都営大江戸線 国立競技場駅/徒歩14分,築19年,鉄骨鉄筋コンクリート,5階,19.5万円,"13,000円",1ヶ月,1ヶ月,1LDK,46.6m²
レジディア新宿イーストⅡ,マンション,東京都新宿区新宿５丁目,10階建て, 都営新宿線 新宿三丁目駅/徒歩5分東京メトロ丸ノ内線 新宿御苑前駅/徒歩7分ＪＲ山手線 新宿駅/徒歩10分,築19年,鉄筋コンクリート,3階,9.2万円,"8,000円",1ヶ月,1ヶ月,1K,20.79m²
グランド・ガーラ西新宿ＥＡＳＴ,マンション,東京都新宿区西新宿５丁目,12階建て, 都営大江戸線 西新宿五丁目駅/徒歩2分都営大江戸線 都庁前駅/徒歩7分東京メトロ丸ノ内線 西新宿駅/徒歩7分,築20年,鉄骨鉄筋コンクリート,2階,8.9万円,－,1ヶ月,1ヶ月,1K,21.52m²
プロシード西新宿（旧スペーシア西新宿）,マンション,東京都新宿区西新宿３丁目,14階建て, 京王電鉄京王線 初台駅/徒歩6分ＪＲ山手線 新宿駅/徒歩11分都営大江戸線 都庁前駅/徒歩11分,築20年,鉄骨鉄筋コンクリート,5階,17.5万円,"9,000円",1ヶ月,1ヶ月,1LDK,44.78m²
河田町ガーデン　クラブフロア,マンション,東京都新宿区河田町,41階建て, 都営新宿線 曙橋駅/徒歩4分都営大江戸線 若松河田駅/徒歩6分東京メトロ丸ノ内線 四谷三丁目駅/徒歩15分,築20年,鉄筋コンクリート,38階,41.59万円,"10,000円",－,1ヶ月,2LDK,93.22m²
レジデンス・ド・レイーヌ,マンション,東京都新宿区北新宿２丁目,3階建て, 東京メトロ丸ノ内線 西新宿駅/徒歩7分都営大江戸線 都庁前駅/徒歩9分東京メトロ丸ノ内線 中野坂上駅/徒歩11分,築21年,鉄筋コンクリート,3階,8.2万円,"5,000円",1ヶ月,－,1K,20.37m²
四谷シルクコート,マンション,東京都新宿区四谷４丁目,5階建て, 東京メトロ丸ノ内線 四谷三丁目駅/徒歩5分都営新宿線 曙橋駅/徒歩9分東京メトロ丸ノ内線 新宿御苑前駅/徒歩10分,築21年,鉄筋コンクリート,3階,8.5万円,"3,000円",1ヶ月,1ヶ月,1K,21.15m²
アビテ曙橋,マンション,東京都新宿区住吉町,14階建て, 都営新宿線 曙橋駅/徒歩4分東京メトロ丸ノ内線 四谷三丁目駅/徒歩7分東京メトロ丸ノ内線 新宿御苑前駅/徒歩13分,築21年,鉄骨鉄筋コンクリート,12階,11.9万円,"10,000円",－,－,1R,31.13m²
ＳｏＫｏ　ＰＡＲＣＯ,マンション,東京都新宿区百人町３丁目,5階建て, ＪＲ総武線 大久保駅/徒歩11分ＪＲ山手線 新大久保駅/徒歩11分ＪＲ山手線 高田馬場駅/徒歩12分,築0年,鉄筋コンクリート,3階,13.2万円,"5,000円",－,1ヶ月,1LDK,27.98m²
パークフロント西新宿,マンション,東京都新宿区西新宿６丁目,10階建て, 都営大江戸線 西新宿五丁目駅/徒歩5分都営大江戸線 都庁前駅/徒歩5分東京メトロ丸ノ内線 西新宿駅/徒歩7分,築21年,鉄骨鉄筋コンクリート,4階,13万円,"7,000円",1ヶ月,－,1K,32.38m²
パークアクシス四谷ステージ,マンション,東京都新宿区四谷４丁目,16階建て, 東京メトロ丸ノ内線 四谷三丁目駅/徒歩6分東京メトロ丸ノ内線 四ツ谷駅/徒歩17分都営新宿線 曙橋駅/徒歩11分,築21年,鉄骨鉄筋コンクリート,3階,14.3万円,"10,000円",1ヶ月,1ヶ月,1R,32.78m²
東京都新宿区神楽坂２丁目,マンション,東京都新宿区神楽坂２丁目,9階建て, ＪＲ総武線 飯田橋駅/徒歩3分都営大江戸線 牛込神楽坂駅/徒歩7分東京メトロ東西線 神楽坂駅/徒歩9分,築21年,鉄筋コンクリート,4階,15.8万円,"10,000円",1ヶ月,1ヶ月,1LDK,39.7m²
ホームズ飯田橋,マンション,東京都新宿区神楽坂２丁目,9階建て, ＪＲ総武線 飯田橋駅/徒歩3分都営大江戸線 牛込神楽坂駅/徒歩7分東京メトロ東西線 神楽坂駅/徒歩9分,築21年,鉄筋コンクリート,4階,15.8万円,"10,000円",1ヶ月,1ヶ月,1LDK,39.7m²
東京都新宿区四谷４丁目,マンション,東京都新宿区四谷４丁目,3階建て, 東京メトロ丸ノ内線 四谷三丁目駅/徒歩4分東京メトロ丸ノ内線 新宿御苑前駅/徒歩9分都営新宿線 曙橋駅/徒歩12分,築22年,重量鉄骨,1階,7.5万円,"5,000円",1ヶ月,－,1K,20.7m²
パークヒルズ落合,マンション,東京都新宿区上落合１丁目,12階建て, 東京メトロ東西線 落合駅/徒歩6分西武鉄道新宿線 下落合駅/徒歩8分都営大江戸線 中井駅/徒歩10分,築23年,鉄骨鉄筋コンクリート,3階,8.2万円,"7,000円",1ヶ月,1ヶ月,1R,20.38m²
コムロンド四谷三丁目,マンション,東京都新宿区舟町,10階建て, 東京メトロ丸ノ内線 四谷三丁目駅/徒歩2分都営新宿線 曙橋駅/徒歩6分東京メトロ丸ノ内線 新宿御苑前駅/徒歩12分,築24年,鉄骨鉄筋コンクリート,4階,7.6万円,"9,000円",1ヶ月,1ヶ月,1K,21.09m²
四ツ谷ＨＯＵＳＥ,マンション,東京都新宿区若葉１丁目,3階建て, 東京メトロ丸ノ内線 四ツ谷駅/徒歩6分ＪＲ総武線 信濃町駅/徒歩12分,築24年,鉄筋コンクリート,1階,12.5万円,"5,000円",1ヶ月,1ヶ月,1DK,30.98m²
東京都新宿区荒木町,マンション,東京都新宿区荒木町,14階建て, 都営新宿線 曙橋駅/徒歩3分東京メトロ丸ノ内線 四谷三丁目駅/徒歩5分東京メトロ丸ノ内線 四ツ谷駅/徒歩13分,築25年,鉄骨鉄筋コンクリート,1階,12万円,－,1ヶ月,1ヶ月,1LDK,37.73m²
マナハウス四谷,マンション,東京都新宿区愛住町,7階建て, 東京メトロ丸ノ内線 四谷三丁目駅/徒歩3分都営新宿線 曙橋駅/徒歩9分東京メトロ丸ノ内線 新宿御苑前駅/徒歩9分,築25年,鉄筋コンクリート,5階,24.5万円,－,1ヶ月,－,1LDK,50.35m²
レックス神宮外苑,マンション,東京都新宿区内藤町,11階建て, 東京メトロ丸ノ内線 四谷三丁目駅/徒歩8分東京メトロ丸ノ内線 新宿御苑前駅/徒歩8分都営大江戸線 国立競技場駅/徒歩10分,築26年,鉄筋コンクリート,8階,13.5万円,"10,000円",1ヶ月,1ヶ月,1DK,34.14m²
コロネード市ヶ谷,マンション,東京都新宿区市谷仲之町,6階建て, 都営新宿線 曙橋駅/徒歩5分都営大江戸線 若松河田駅/徒歩8分東京メトロ丸ノ内線 四谷三丁目駅/徒歩12分,築26年,鉄筋コンクリート,3階,16.8万円,－,1ヶ月,2ヶ月,1LDK,50.58m²
信濃町Ⅱ番館,マンション,東京都新宿区南元町,5階建て, ＪＲ総武線 信濃町駅/徒歩3分東京メトロ銀座線 青山一丁目駅/徒歩9分ＪＲ総武線 四ツ谷駅/徒歩10分,築27年,鉄筋コンクリート,3階,11万円,"8,000円",2ヶ月,－,1K,25.42m²
東京都新宿区市谷甲良町,マンション,東京都新宿区市谷甲良町,5階建て, 都営大江戸線 牛込柳町駅/徒歩4分都営大江戸線 牛込神楽坂駅/徒歩8分東京メトロ東西線 神楽坂駅/徒歩12分,築28年,鉄骨造,2階,11.5万円,"5,000円",1ヶ月,－,1LDK,44m²
ヴィラージュ浅井,マンション,東京都新宿区市谷甲良町,5階建て, 都営大江戸線 牛込柳町駅/徒歩4分都営大江戸線 牛込神楽坂駅/徒歩8分東京メトロ東西線 神楽坂駅/徒歩12分,築28年,鉄骨造,2階,11.5万円,"5,000円",1ヶ月,－,1LDK,44m²
東京都新宿区愛住町,マンション,東京都新宿区愛住町,3階建て, 東京メトロ丸ノ内線 四谷三丁目駅/徒歩3分都営新宿線 曙橋駅/徒歩7分東京メトロ丸ノ内線 新宿御苑前駅/徒歩13分,築29年,鉄筋コンクリート,2階,6.7万円,"3,000円",1ヶ月,1ヶ月,1R,17m²
トーケンハイツ,マンション,東京都新宿区新宿７丁目,4階建て, 都営大江戸線 東新宿駅/徒歩7分都営大江戸線 若松河田駅/徒歩9分東京メトロ丸ノ内線 新宿三丁目駅/徒歩12分,築30年,鉄筋コンクリート,3階,5.9万円,－,"33,000円",－,1R,15m²
神崎コーポ,アパート,東京都新宿区北新宿１丁目,2階建て, 東京メトロ丸ノ内線 西新宿駅/徒歩7分ＪＲ総武線 大久保駅/徒歩7分ＪＲ山手線 新宿駅/徒歩15分,築30年,木造,1階,6.3万円,－,1ヶ月,1ヶ月,1K,22m²
ＨＵＮＤＲＥＤ　ＳＴＡＹ　ＲＥＳＩＤＥＮＣＥ,マンション,東京都新宿区百人町２丁目,22階建て, ＪＲ総武線 大久保駅/徒歩3分ＪＲ山手線 新大久保駅/徒歩6分東京メトロ丸ノ内線 新宿駅/徒歩15分,築30年,鉄骨鉄筋コンクリート,8階,18.4万円,"12,000円","184,000円",－,1LDK,50.05m²
クーラムハイム,マンション,東京都新宿区大京町,4階建て, 東京メトロ丸ノ内線 四谷三丁目駅/徒歩5分ＪＲ総武線 信濃町駅/徒歩8分都営大江戸線 国立競技場駅/徒歩13分,築31年,鉄筋コンクリート,2階,11万円,"5,000円",1ヶ月,1ヶ月,1DK,32m²
ＳｏＫｏ　ＰＡＲＣＯ,マンション,東京都新宿区百人町３丁目,5階建て, ＪＲ総武線 大久保駅/徒歩11分ＪＲ山手線 新大久保駅/徒歩11分ＪＲ山手線 高田馬場駅/徒歩12分,築0年,鉄筋コンクリート,1階,11万円,"5,000円",－,1ヶ月,1K,25.08m²
サンハイム西落合,マンション,東京都新宿区西落合３丁目,4階建て, 都営大江戸線 落合南長崎駅/徒歩4分西武池袋・豊島線 東長崎駅/徒歩8分都営大江戸線 新江古田駅/徒歩17分,築38年,鉄筋コンクリート,2階,6.4万円,－,1ヶ月,1ヶ月,1K,17.22m²
マイスタークエーレ西新宿,マンション,東京都新宿区西新宿４丁目,4階建て, 都営大江戸線 西新宿五丁目駅/徒歩2分東京メトロ丸ノ内線 西新宿駅/徒歩11分都営大江戸線 都庁前駅/徒歩11分,築33年,鉄筋コンクリート,1階,11.5万円,"6,000円",1ヶ月,－,1DK,34.68m²
東京都新宿区北新宿３丁目,マンション,東京都新宿区北新宿３丁目,4階建て, 都営大江戸線 東中野駅/徒歩8分ＪＲ総武線 大久保駅/徒歩10分ＪＲ山手線 新大久保駅/徒歩14分,築34年,鉄筋コンクリート,1階,7.2万円,"3,000円",1ヶ月,－,1R,20.14m²
メゾネット四谷,マンション,東京都新宿区舟町,3階建て, 東京メトロ丸ノ内線 四谷三丁目駅/徒歩3分都営新宿線 曙橋駅/徒歩6分東京メトロ丸ノ内線 新宿御苑前駅/徒歩13分,築34年,鉄筋コンクリート,2階,14.5万円,"4,000円",1ヶ月,－,1DK,42.63m²
東京都新宿区若松町,マンション,東京都新宿区若松町,8階建て, 都営大江戸線 若松河田駅/徒歩3分都営大江戸線 牛込柳町駅/徒歩8分東京メトロ東西線 早稲田駅/徒歩10分,築35年,鉄骨鉄筋コンクリート,7階,11万円,"8,000円",1ヶ月,1ヶ月,1LDK,44.83m²
ニューハイム早稲田,マンション,東京都新宿区早稲田町,4階建て, 東京メトロ東西線 早稲田駅/徒歩5分東京メトロ東西線 神楽坂駅/徒歩9分都営大江戸線 牛込柳町駅/徒歩10分,築36年,鉄筋コンクリート,2階,6.5万円,－,1ヶ月,1ヶ月,1K,16.5m²
ルネ御苑プラザ,マンション,東京都新宿区新宿１丁目,14階建て, 東京メトロ丸ノ内線 新宿御苑前駅/徒歩4分東京メトロ副都心線 新宿三丁目駅/徒歩7分ＪＲ山手線 新宿駅/徒歩15分,築37年,鉄骨鉄筋コンクリート,3階,8.5万円,－,1ヶ月,－,1R,21.63m²
東京都新宿区四谷坂町,マンション,東京都新宿区四谷坂町,5階建て, 都営新宿線 曙橋駅/徒歩3分東京メトロ丸ノ内線 四谷三丁目駅/徒歩9分ＪＲ総武線 四ツ谷駅/徒歩12分,築37年,鉄筋コンクリート,1階,12.8万円,"10,000円",1ヶ月,1ヶ月,2K,31.56m²
メゾン・ド・パロア,マンション,東京都新宿区中落合４丁目,4階建て, 都営大江戸線 落合南長崎駅/徒歩6分西武鉄道新宿線 中井駅/徒歩10分東京メトロ東西線 落合駅/徒歩15分,築38年,鉄筋コンクリート,1階,4.8万円,"5,000円",－,－,1R,14.69m²
サンハイツ村上,マンション,東京都新宿区西新宿８丁目,3階建て, 東京メトロ丸ノ内線 西新宿駅/徒歩3分ＪＲ総武線 新宿駅/徒歩10分ＪＲ総武線 大久保駅/徒歩8分,築38年,鉄筋コンクリート,1階,13.5万円,"5,000円",1ヶ月,1ヶ月,2DK,36m²
大塚ハウス,マンション,東京都新宿区大京町,3階建て, 東京メトロ丸ノ内線 四谷三丁目駅/徒歩6分ＪＲ総武線 信濃町駅/徒歩10分,築39年,鉄骨造,1階,7.8万円,"2,000円",1ヶ月,1ヶ月,1R,25m²
キャッスルマンション荒木町,マンション,東京都新宿区荒木町,5階建て, 東京メトロ丸ノ内線 四谷三丁目駅/徒歩5分都営新宿線 曙橋駅/徒歩7分東京メトロ丸ノ内線 四ツ谷駅/徒歩14分,築39年,鉄筋コンクリート,5階,17.5万円,－,2ヶ月,1ヶ月,3LDK,57.21m²
第三ハイツ,マンション,東京都新宿区四谷４丁目,3階建て, 東京メトロ丸ノ内線 四谷三丁目駅/徒歩6分都営新宿線 曙橋駅/徒歩6分東京メトロ丸ノ内線 新宿御苑前駅/徒歩10分,築41年,鉄骨造,3階,7万円,－,1ヶ月,－,1K,19.95m²
東京都新宿区西新宿８丁目,マンション,東京都新宿区西新宿８丁目,12階建て, 東京メトロ丸ノ内線 西新宿駅/徒歩2分都営大江戸線 都庁前駅/徒歩10分ＪＲ山手線 新宿駅/徒歩11分,築41年,鉄骨鉄筋コンクリート,11階,7万円,"5,000円",1ヶ月,1ヶ月,1R,19.5m²
四谷ガーデニア,マンション,東京都新宿区住吉町,10階建て, 都営新宿線 曙橋駅/徒歩2分東京メトロ丸ノ内線 四谷三丁目駅/徒歩9分都営大江戸線 若松河田駅/徒歩12分,築41年,鉄骨鉄筋コンクリート,2階,7.8万円,－,1ヶ月,1ヶ月,1R,20.25m²
パレ・エテルネル,マンション,東京都新宿区四谷４丁目,13階建て, 東京メトロ丸ノ内線 新宿御苑前駅/徒歩5分都営新宿線 曙橋駅/徒歩12分東京メトロ丸ノ内線 四谷三丁目駅/徒歩8分,築41年,鉄筋コンクリート,8階,9.4万円,"5,000円",1ヶ月,1ヶ月,1K,36.89m²
第３工新ビル,マンション,東京都新宿区西新宿７丁目,10階建て, ＪＲ総武線 大久保駅/徒歩4分都営大江戸線 新宿西口駅/徒歩5分西武鉄道新宿線 西武新宿駅/徒歩7分,築41年,鉄骨鉄筋コンクリート,10階,14.4万円,"9,000円",1ヶ月,－,2K,40m²
ファインズコート北新宿,マンション,東京都新宿区北新宿４丁目,4階建て, 都営大江戸線 東中野駅/徒歩7分東京メトロ東西線 落合駅/徒歩9分ＪＲ総武線 大久保駅/徒歩12分,築42年,鉄筋コンクリート,3階,8万円,"2,000円",1ヶ月,1ヶ月,1R,20m²
第１マンション四谷,マンション,東京都新宿区須賀町,5階建て, ＪＲ総武線 信濃町駅/徒歩8分東京メトロ丸ノ内線 四谷三丁目駅/徒歩8分ＪＲ総武線 四ツ谷駅/徒歩8分,築42年,鉄筋コンクリート,3階,13.2万円,"3,000円",1ヶ月,1ヶ月,2K,46.6m²
トーカン新宿第２キャステール,マンション,東京都新宿区西新宿３丁目,11階建て, 京王電鉄京王線 初台駅/徒歩9分ＪＲ山手線 新宿駅/徒歩12分都営大江戸線 都庁前駅/徒歩6分,築43年,鉄筋コンクリート,7階,8.3万円,"5,000円","83,000円",－,1R,35.21m²
ＳｏＫｏ　ＰＡＲＣＯ,マンション,東京都新宿区百人町３丁目,5階建て, ＪＲ総武線 大久保駅/徒歩11分ＪＲ山手線 新大久保駅/徒歩11分ＪＲ山手線 高田馬場駅/徒歩12分,築0年,鉄筋コンクリート,2階,13.1万円,"5,000円",－,1ヶ月,1LDK,27.31m²
東京都新宿区新宿２丁目,マンション,東京都新宿区新宿２丁目,11階建て, 東京メトロ丸ノ内線 新宿御苑前駅/徒歩4分都営新宿線 新宿三丁目駅/徒歩7分ＪＲ山手線 新宿駅/徒歩10分,築43年,鉄筋コンクリート,1階,41万円,－,1ヶ月,1ヶ月,1LDK,70.49m²
西新宿カーネル,マンション,東京都新宿区西新宿４丁目,5階建て, 都営大江戸線 西新宿五丁目駅/徒歩4分都営大江戸線 都庁前駅/徒歩9分東京メトロ丸ノ内線 西新宿駅/徒歩9分,築46年,鉄筋コンクリート,2階,6.8万円,－,1ヶ月,1ヶ月,1K,18.89m²
アパルトマン四谷,マンション,東京都新宿区左門町,7階建て, 東京メトロ丸ノ内線 四谷三丁目駅/徒歩4分都営新宿線 曙橋駅/徒歩10分ＪＲ総武線 信濃町駅/徒歩12分,築47年,鉄筋コンクリート,3階,7.9万円,"5,000円",1ヶ月,－,1K,21m²
新宿ローヤルコーポ,マンション,東京都新宿区西新宿８丁目,6階建て, 東京メトロ丸ノ内線 西新宿駅/徒歩4分都営大江戸線 都庁前駅/徒歩8分ＪＲ山手線 新宿駅/徒歩14分,築50年,鉄筋コンクリート,6階,8.8万円,"7,000円",1ヶ月,－,2K,32.31m²
神崎荘,アパート,東京都新宿区西新宿８丁目,2階建て, 東京メトロ丸ノ内線 西新宿駅/徒歩3分ＪＲ総武線 大久保駅/徒歩7分ＪＲ山手線 新宿駅/徒歩12分,築53年,木造,1階,3.9万円,－,1ヶ月,1ヶ月,1R,9.6m²
メゾンドール新宿,マンション,東京都新宿区西新宿５丁目,5階建て, 都営大江戸線 西新宿五丁目駅/徒歩3分都営大江戸線 都庁前駅/徒歩7分東京メトロ丸ノ内線 西新宿駅/徒歩10分,築54年,鉄筋コンクリート,4階,6.2万円,"3,000円",1ヶ月,－,1R,25m²
シーズンフラッツ高田馬場リバーサイドサウス,マンション,東京都新宿区高田馬場３丁目,6階建て, 西武鉄道新宿線 下落合駅/徒歩7分ＪＲ山手線 高田馬場駅/徒歩13分西武鉄道新宿線 中井駅/徒歩14分,築0年,鉄筋コンクリート,1階,11.1万円,"10,000円","111,000円",－,1K,25.48m²
パークスフィア牛込神楽坂,マンション,東京都新宿区南山伏町,13階建て, 都営大江戸線 牛込柳町駅/徒歩5分東京メトロ東西線 神楽坂駅/徒歩10分都営大江戸線 牛込神楽坂駅/徒歩7分,築1年,鉄筋コンクリート,4階,19.3万円,"15,000円",1ヶ月,－,1LDK,40.01m²
東京都新宿区荒木町,マンション,東京都新宿区荒木町,4階建て, 都営新宿線 曙橋駅/徒歩5分東京メトロ丸ノ内線 四谷三丁目駅/徒歩5分東京メトロ南北線 四ツ谷駅/徒歩10分,築2年,鉄筋コンクリート,1階,18.9万円,"10,000円",－,－,1R,39.77m²
ＰＡＳＥＯ新宿,マンション,東京都新宿区新宿６丁目,5階建て, 東京メトロ副都心線 東新宿駅/徒歩5分都営大江戸線 若松河田駅/徒歩5分東京メトロ副都心線 新宿三丁目駅/徒歩8分,築3年,鉄筋コンクリート,1階,14.4万円,"10,000円",－,－,1R,30.32m²
アルテシモ　サグラ,マンション,東京都新宿区早稲田鶴巻町,10階建て, 東京メトロ有楽町線 江戸川橋駅/徒歩7分東京メトロ東西線 早稲田駅/徒歩9分都電荒川線 早稲田駅/徒歩11分,築5年,鉄筋コンクリート,7階,11万円,"5,500円",－,1ヶ月,1K,25.47m²
フロンティア新宿タワー,マンション,東京都新宿区西新宿３丁目,24階建て, 京王電鉄京王線 初台駅/徒歩5分ＪＲ湘南新宿ライン 新宿駅/徒歩14分都営大江戸線 都庁前駅/徒歩11分,築5年,鉄筋コンクリート,6階,27.5万円,"20,000円",－,－,1LDK,49.95m²
ガーラ・プレシャス神宮外苑,マンション,東京都新宿区大京町,10階建て, ＪＲ総武線 千駄ケ谷駅/徒歩5分都営大江戸線 国立競技場駅/徒歩3分ＪＲ総武線 信濃町駅/徒歩8分,築6年,鉄筋コンクリート,2階,11.75万円,"12,000円",1ヶ月,2ヶ月,2K,27.6m²
クレイシア新宿,マンション,東京都新宿区新宿５丁目,16階建て, 東京メトロ丸ノ内線 新宿三丁目駅/徒歩3分東京メトロ丸ノ内線 新宿御苑前駅/徒歩6分ＪＲ山手線 新宿駅/徒歩10分,築7年,鉄筋コンクリート,8階,13.4万円,"10,500円",－,1ヶ月,1K,25.44m²
東京都新宿区河田町,アパート,東京都新宿区河田町,2階建て, 都営大江戸線 若松河田駅/徒歩6分都営新宿線 曙橋駅/徒歩10分都営大江戸線 牛込柳町駅/徒歩12分,築10年,木造,2階,7万円,"2,000円",1ヶ月,－,1R,13.02m²
グリーニエ西新宿,マンション,東京都新宿区西新宿８丁目,5階建て, 東京メトロ丸ノ内線 西新宿駅/徒歩2分都営大江戸線 都庁前駅/徒歩6分ＪＲ山手線 新宿駅/徒歩13分,築12年,鉄筋コンクリート,2階,14.6万円,"5,000円",1ヶ月,1ヶ月,1DK,37.71m²
トーシンフェニックス新宿余丁町,マンション,東京都新宿区余丁町,8階建て, 都営大江戸線 若松河田駅/徒歩6分都営大江戸線 東新宿駅/徒歩8分都営新宿線 曙橋駅/徒歩11分,築16年,鉄筋コンクリート,5階,8.1万円,"9,000円",1ヶ月,1ヶ月,1K,21.9m²
プライマル新宿若松町（旧イプセ新宿若松町）,マンション,東京都新宿区若松町,14階建て, 都営大江戸線 牛込柳町駅/徒歩4分都営大江戸線 若松河田駅/徒歩5分東京メトロ東西線 早稲田駅/徒歩12分,築16年,鉄筋コンクリート,5階,9.5万円,"12,000円",1ヶ月,－,1K,28.34m²
花園パークマンション,マンション,東京都新宿区新宿１丁目,8階建て, 東京メトロ丸ノ内線 新宿御苑前駅/徒歩4分東京メトロ丸ノ内線 四谷三丁目駅/徒歩9分東京メトロ丸ノ内線 新宿三丁目駅/徒歩10分,築17年,鉄筋コンクリート,3階,8.5万円,－,1ヶ月,1ヶ月,1R,22.54m²
ＺＥＳＴＹ西新宿Ⅲ,マンション,東京都新宿区西新宿３丁目,4階建て, 京王電鉄京王線 初台駅/徒歩4分ＪＲ山手線 新宿駅/徒歩19分都営大江戸線 都庁前駅/徒歩13分,築17年,鉄筋コンクリート,3階,10.2万円,"10,000円",－,－,1K,25.89m²
ＳｏＫｏ　ＰＡＲＣＯ,マンション,東京都新宿区百人町３丁目,5階建て, ＪＲ総武線 大久保駅/徒歩11分ＪＲ山手線 新大久保駅/徒歩11分ＪＲ山手線 高田馬場駅/徒歩12分,築0年,鉄筋コンクリート,1階,11万円,"5,000円",－,1ヶ月,1K,25.08m²
アーバイル西新宿,マンション,東京都新宿区西新宿４丁目,4階建て, 都営大江戸線 西新宿五丁目駅/徒歩2分都営大江戸線 都庁前駅/徒歩11分東京メトロ丸ノ内線 西新宿駅/徒歩13分,築17年,鉄筋コンクリート,2階,11.5万円,"10,000円",－,1ヶ月,1R,30.7m²
東京都新宿区若松町,マンション,東京都新宿区若松町,9階建て, 都営大江戸線 若松河田駅/徒歩3分都営大江戸線 牛込柳町駅/徒歩9分東京メトロ東西線 早稲田駅/徒歩10分,築18年,鉄骨造,6階,8.8万円,－,1ヶ月,1ヶ月,1R,25.42m²
パークウェル曙橋駅前,マンション,東京都新宿区住吉町,13階建て, 都営新宿線 曙橋駅/徒歩1分東京メトロ丸ノ内線 四谷三丁目駅/徒歩9分都営大江戸線 牛込柳町駅/徒歩13分,築18年,鉄骨鉄筋コンクリート,5階,7.9万円,"9,000円",1ヶ月,1ヶ月,1K,19.99m²
ステージファースト神楽坂Ⅱ,マンション,東京都新宿区天神町,11階建て, 東京メトロ東西線 神楽坂駅/徒歩6分東京メトロ有楽町線 江戸川橋駅/徒歩6分東京メトロ東西線 早稲田駅/徒歩11分,築18年,鉄筋コンクリート,10階,8.5万円,"7,000円",－,1ヶ月,1K,20.86m²
アミカル・エフ,マンション,東京都新宿区上落合２丁目,8階建て, 都営大江戸線 中井駅/徒歩5分西武鉄道新宿線 下落合駅/徒歩7分東京メトロ東西線 落合駅/徒歩7分,築18年,鉄筋コンクリート,3階,11.3万円,"7,000円",1ヶ月,1ヶ月,1DK,32.74m²
メインステージ市ヶ谷曙橋,マンション,東京都新宿区市谷仲之町,12階建て, 都営新宿線 曙橋駅/徒歩4分都営大江戸線 牛込柳町駅/徒歩8分都営大江戸線 若松河田駅/徒歩9分,築19年,鉄骨鉄筋コンクリート,3階,8.2万円,"15,000円",－,1ヶ月,1K,18.65m²
プレールドゥーク新宿御苑,マンション,東京都新宿区大京町,13階建て, 東京メトロ丸ノ内線 四谷三丁目駅/徒歩6分東京メトロ丸ノ内線 新宿御苑前駅/徒歩7分都営大江戸線 国立競技場駅/徒歩12分,築20年,鉄骨鉄筋コンクリート,2階,12.5万円,"10,000円",－,－,1R,33.73m²
東京都新宿区東五軒町,マンション,東京都新宿区東五軒町,8階建て, 東京メトロ東西線 神楽坂駅/徒歩8分東京メトロ有楽町線 江戸川橋駅/徒歩8分都営大江戸線 飯田橋駅/徒歩11分,築22年,鉄筋コンクリート,2階,7.5万円,"7,000円",－,1ヶ月,1K,20.06m²
アメニティハウス,マンション,東京都新宿区荒木町,6階建て, 東京メトロ丸ノ内線 四谷三丁目駅/徒歩6分都営新宿線 曙橋駅/徒歩4分ＪＲ総武線 四ツ谷駅/徒歩12分,築35年,鉄筋コンクリート,1階,12.5万円,"5,000円",2ヶ月,1ヶ月,1LDK,40.02m²
ライオンズマンション西新宿第８,マンション,東京都新宿区西新宿４丁目,7階建て, 都営大江戸線 西新宿五丁目駅/徒歩4分都営大江戸線 都庁前駅/徒歩9分東京メトロ丸ノ内線 西新宿駅/徒歩11分,築37年,鉄骨鉄筋コンクリート,3階,6.3万円,"5,000円",－,－,1R,15.25m²
森永ハイツ,マンション,東京都新宿区西新宿４丁目,4階建て, 都営大江戸線 西新宿五丁目駅/徒歩5分京王電鉄京王線 初台駅/徒歩10分ＪＲ山手線 新宿駅/徒歩17分,築48年,鉄筋コンクリート,4階,7.5万円,－,1ヶ月,1ヶ月,1K,23.2m²
安濃ビル,マンション,東京都新宿区西新宿４丁目,6階建て, 都営大江戸線 西新宿五丁目駅/徒歩6分都営大江戸線 都庁前駅/徒歩8分ＪＲ山手線 新宿駅/徒歩16分,築49年,鉄筋コンクリート,5階,8.1万円,"4,000円",1ヶ月,1ヶ月,1DK,26.28m²
リッツプライム,マンション,東京都新宿区左門町,3階建て, 東京メトロ丸ノ内線 四谷三丁目駅/徒歩3分都営新宿線 曙橋駅/徒歩9分ＪＲ総武線 信濃町駅/徒歩11分,築56年,鉄筋コンクリート,3階,11.9万円,"5,000円",1ヶ月,－,1LDK,30m²
ミリアレジデンス新宿御苑,マンション,東京都新宿区新宿５丁目,14階建て, 東京メトロ丸ノ内線 新宿御苑前駅/徒歩6分都営新宿線 新宿三丁目駅/徒歩8分東京メトロ副都心線 東新宿駅/徒歩19分,築1年,鉄筋コンクリート,9階,13.8万円,"12,000円",1ヶ月,－,1K,25.01m²
ルフォンプログレ四谷,マンション,東京都新宿区四谷坂町,13階建て, 都営新宿線 曙橋駅/徒歩4分中央本線（ＪＲ東日本） 四ツ谷駅/徒歩11分東京メトロ丸ノ内線 四谷三丁目駅/徒歩10分,築1年,鉄筋コンクリート,7階,19.8万円,"15,000円","198,000円",－,1LDK,40.23m²
四谷坂町レジデンス,マンション,東京都新宿区四谷坂町,7階建て, 東京メトロ丸ノ内線 四ツ谷駅/徒歩6分都営新宿線 曙橋駅/徒歩9分東京メトロ南北線 市ケ谷駅/徒歩10分,築2年,鉄筋コンクリート,1階,12.3万円,"15,000円",－,－,1K,25.48m²
プライムメゾン早稲田通り,マンション,東京都新宿区早稲田町,11階建て, 東京メトロ東西線 早稲田駅/徒歩3分都営大江戸線 牛込柳町駅/徒歩11分東京メトロ東西線 神楽坂駅/徒歩11分,築2年,鉄筋コンクリート,3階,12.2万円,"10,000円",1ヶ月,－,1K,25m²
ラクラス四谷,マンション,東京都新宿区四谷三栄町,5階建て, ＪＲ総武線 四ツ谷駅/徒歩4分都営新宿線 曙橋駅/徒歩11分東京メトロ丸ノ内線 四谷三丁目駅/徒歩9分,築2年,鉄筋コンクリート,1階,16.5万円,"14,000円",1ヶ月,1ヶ月,1DK,32.37m²
東京都新宿区市谷甲良町,マンション,東京都新宿区市谷甲良町,14階建て, 都営大江戸線 牛込柳町駅/徒歩5分都営大江戸線 牛込神楽坂駅/徒歩8分東京メトロ東西線 神楽坂駅/徒歩12分,築4年,鉄筋コンクリート,5階,12.2万円,"15,000円",－,"122,000円",1K,25.2m²
東京都新宿区上落合３丁目,アパート,東京都新宿区上落合３丁目,2階建て, 東京メトロ東西線 落合駅/徒歩1分都営大江戸線 東中野駅/徒歩6分西武鉄道新宿線 中井駅/徒歩10分,築5年,木造,1階,6.4万円,"3,500円",－,1ヶ月,1R,10.03m²
ＳｏＫｏ　ＰＡＲＣＯ,マンション,東京都新宿区百人町３丁目,5階建て, ＪＲ総武線 大久保駅/徒歩11分ＪＲ山手線 新大久保駅/徒歩11分ＪＲ山手線 高田馬場駅/徒歩12分,築0年,鉄筋コンクリート,3階,13.2万円,"5,000円",－,1ヶ月,1LDK,27.31m²
ザ・パークハビオ新宿,マンション,東京都新宿区新宿６丁目,7階建て, 東京メトロ丸ノ内線 新宿三丁目駅/徒歩7分東京メトロ丸ノ内線 新宿御苑前駅/徒歩8分ＪＲ山手線 新宿駅/徒歩13分,築5年,鉄筋コンクリート,1階,12.8万円,"10,000円",1ヶ月,1ヶ月,1R,25.01m²
フロンティア新宿タワー　（ＴＳＩ新宿タワー,マンション,東京都新宿区西新宿３丁目,24階建て, 京王電鉄京王線 初台駅/徒歩5分都営大江戸線 都庁前駅/徒歩11分ＪＲ山手線 新宿駅/徒歩13分,築5年,鉄筋コンクリート,11階,26.9万円,"20,000円",－,－,1LDK,47.67m²
ザ・パークハウス西新宿タワー６０,マンション,東京都新宿区西新宿５丁目,60階建て, 都営大江戸線 西新宿五丁目駅/徒歩7分東京メトロ丸ノ内線 西新宿駅/徒歩9分都営大江戸線 都庁前駅/徒歩8分,築5年,鉄筋コンクリート,6階,16.4万円,－,"164,000円","328,000円",1R,33.9m²
メゾンカルム市谷仲之町,マンション,東京都新宿区市谷仲之町,6階建て, 都営新宿線 曙橋駅/徒歩6分都営大江戸線 牛込柳町駅/徒歩10分都営大江戸線 若松河田駅/徒歩9分,築6年,鉄筋コンクリート,1階,14.9万円,"7,000円",1ヶ月,1ヶ月,1LDK,35.42m²
Ｈａｒｍｏｎｙ　Ｒｅｓｉｄｅｎｃｅ　ＷＡＳＥＤＡ,マンション,東京都新宿区原町１丁目,10階建て, 都営大江戸線 牛込柳町駅/徒歩2分都営大江戸線 若松河田駅/徒歩10分都営大江戸線 牛込神楽坂駅/徒歩11分,築7年,鉄筋コンクリート,7階,10.3万円,"15,000円",－,1ヶ月,1K,25.81m²
パークリュクス新宿御苑前ｍｏｎｏ,マンション,東京都新宿区富久町,15階建て, 東京メトロ丸ノ内線 新宿御苑前駅/徒歩6分東京メトロ丸ノ内線 新宿三丁目駅/徒歩8分都営新宿線 曙橋駅/徒歩10分,築8年,鉄筋コンクリート,3階,13.5万円,"8,000円",1ヶ月,1ヶ月,1DK,31.58m²
グランドセダー大久保,アパート,東京都新宿区大久保２丁目,2階建て, ＪＲ山手線 新大久保駅/徒歩6分東京メトロ副都心線 東新宿駅/徒歩7分ＪＲ総武線 大久保駅/徒歩10分,築9年,木造,2階,6.8万円,"3,500円",－,1ヶ月,1R,11.46m²
東京都新宿区西新宿４丁目,マンション,東京都新宿区西新宿４丁目,12階建て, 京王電鉄京王線 初台駅/徒歩5分都営大江戸線 西新宿五丁目駅/徒歩9分都営大江戸線 都庁前駅/徒歩13分,築10年,鉄筋コンクリート,6階,11.5万円,"15,000円",－,1ヶ月,1K,27m²
サエラⅢロイヤル,アパート,東京都新宿区南元町,3階建て, ＪＲ総武線 信濃町駅/徒歩7分ＪＲ総武線 四ツ谷駅/徒歩16分都営大江戸線 国立競技場駅/徒歩13分,築12年,木造,1階,7.9万円,"3,000円",1ヶ月,－,1R,18.82m²
エスティメゾン東新宿,マンション,東京都新宿区新宿６丁目,6階建て, 都営大江戸線 東新宿駅/徒歩5分東京メトロ丸ノ内線 新宿三丁目駅/徒歩7分ＪＲ山手線 新宿駅/徒歩18分,築13年,鉄筋コンクリート,1階,15.5万円,"15,000円",1ヶ月,1ヶ月,2K,40.03m²
フォルム内藤町,マンション,東京都新宿区内藤町,16階建て, 東京メトロ丸ノ内線 新宿御苑前駅/徒歩6分ＪＲ総武線 千駄ケ谷駅/徒歩13分東京メトロ丸ノ内線 四谷三丁目駅/徒歩7分,築13年,鉄筋コンクリート,11階,39.5万円,"15,000円",1ヶ月,1ヶ月,2LDK,85.75m²
エスティメゾン四谷坂町（旧ジェイフラッツ）,マンション,東京都新宿区四谷坂町,7階建て, 都営新宿線 曙橋駅/徒歩3分東京メトロ丸ノ内線 四谷三丁目駅/徒歩8分中央本線（ＪＲ東日本） 四ツ谷駅/徒歩12分,築14年,鉄筋コンクリート,5階,12.7万円,"12,000円",1ヶ月,－,1K,30.79m²
パークホームズ四谷三丁目アーバンレジデンス,マンション,東京都新宿区舟町,10階建て, 東京メトロ丸ノ内線 四谷三丁目駅/徒歩2分都営新宿線 曙橋駅/徒歩7分ＪＲ総武線 四ツ谷駅/徒歩13分,築15年,鉄筋コンクリート,3階,18.5万円,"10,000円",1ヶ月,1ヶ月,2LDK,42.22m²
ガーデンクレスト,マンション,東京都新宿区大京町,10階建て, 東京メトロ丸ノ内線 四谷三丁目駅/徒歩7分東京メトロ丸ノ内線 新宿御苑前駅/徒歩8分ＪＲ総武線 千駄ケ谷駅/徒歩9分,築15年,鉄筋コンクリート,1階,18.1万円,"10,000円",1ヶ月,1ヶ月,1LDK,49.23m²
東京都新宿区西新宿４丁目,マンション,東京都新宿区西新宿４丁目,3階建て, 都営大江戸線 西新宿五丁目駅/徒歩3分都営大江戸線 都庁前駅/徒歩14分東京メトロ丸ノ内線 西新宿駅/徒歩14分,築16年,鉄筋コンクリート,2階,8.4万円,"6,000円",1ヶ月,－,1K,22.7m²
ダイナシティ　新宿若松町,マンション,東京都新宿区若松町,14階建て, 都営大江戸線 若松河田駅/徒歩4分都営大江戸線 牛込柳町駅/徒歩4分東京メトロ東西線 早稲田駅/徒歩10分,築16年,鉄筋コンクリート,11階,10.9万円,"11,000円",1ヶ月,1ヶ月,1R,32.52m²
スカイコート初台,マンション,東京都新宿区西新宿４丁目,12階建て, 都営大江戸線 西新宿五丁目駅/徒歩9分京王電鉄京王線 初台駅/徒歩8分都営大江戸線 都庁前駅/徒歩16分,築17年,鉄筋コンクリート,2階,9.6万円,"10,500円",－,1ヶ月,1K,21.4m²
パレステュディオ新宿パークサイド,マンション,東京都新宿区西新宿４丁目,14階建て, 都営大江戸線 西新宿五丁目駅/徒歩1分東京メトロ丸ノ内線 西新宿駅/徒歩13分ＪＲ山手線 新宿駅/徒歩15分,築19年,鉄骨鉄筋コンクリート,2階,12.5万円,"10,500円",－,1ヶ月,1K,22.68m²
オーキッドレジデンス神楽坂,マンション,東京都新宿区新小川町,6階建て, 都営大江戸線 飯田橋駅/徒歩9分東京メトロ東西線 神楽坂駅/徒歩11分都営大江戸線 牛込神楽坂駅/徒歩11分,築19年,鉄筋コンクリート,1階,12.6万円,"12,000円",－,－,1K,30.11m²
サンウッド新宿戸山フラッツ,マンション,東京都新宿区新宿７丁目,5階建て, 都営大江戸線 東新宿駅/徒歩5分東京メトロ副都心線 西早稲田駅/徒歩11分西武鉄道新宿線 西武新宿駅/徒歩12分,築19年,鉄筋コンクリート,3階,21万円,－,2ヶ月,1ヶ月,1LDK,57.36m²
ＳｏＫｏ　ＰＡＲＣＯ,マンション,東京都新宿区百人町３丁目,5階建て, ＪＲ総武線 大久保駅/徒歩11分ＪＲ山手線 新大久保駅/徒歩11分ＪＲ山手線 高田馬場駅/徒歩12分,築0年,鉄筋コンクリート,2階,13.1万円,"5,000円",－,1ヶ月,1LDK,27.31m²
スカイパーク御苑,マンション,東京都新宿区新宿１丁目,10階建て, 東京メトロ丸ノ内線 新宿御苑前駅/徒歩4分東京メトロ丸ノ内線 新宿三丁目駅/徒歩6分東京メトロ丸ノ内線 四谷三丁目駅/徒歩14分,築20年,鉄骨鉄筋コンクリート,3階,10.3万円,"10,000円",1ヶ月,1ヶ月,1K,26.01m²
メトリブ新宿,マンション,東京都新宿区北新宿１丁目,3階建て, ＪＲ総武線 大久保駅/徒歩5分ＪＲ山手線 新大久保駅/徒歩9分東京メトロ丸ノ内線 西新宿駅/徒歩12分,築24年,鉄筋コンクリート,1階,8万円,"5,000円",1ヶ月,1ヶ月,1K,21.56m²
ヴァンテ・アン神楽坂,マンション,東京都新宿区神楽坂３丁目,10階建て, 都営大江戸線 飯田橋駅/徒歩2分都営大江戸線 牛込神楽坂駅/徒歩5分東京メトロ東西線 神楽坂駅/徒歩7分,築24年,鉄骨鉄筋コンクリート,2階,13.3万円,"10,000円",1ヶ月,1ヶ月,1R,27.43m²
メゾンＴＯ,マンション,東京都新宿区北新宿３丁目,3階建て, 都営大江戸線 東中野駅/徒歩14分ＪＲ総武線 大久保駅/徒歩7分ＪＲ山手線 新大久保駅/徒歩10分,築25年,鉄筋コンクリート,1階,7.3万円,"2,000円",1ヶ月,－,1R,20m²
東京都新宿区北新宿１丁目,マンション,東京都新宿区北新宿１丁目,11階建て, ＪＲ総武線 大久保駅/徒歩3分ＪＲ山手線 新大久保駅/徒歩7分ＪＲ総武線 新宿駅/徒歩13分,築25年,鉄筋コンクリート,8階,7.8万円,"6,500円",1ヶ月,1ヶ月,1K,20.35m²
ドミール北新宿,マンション,東京都新宿区北新宿１丁目,11階建て, ＪＲ総武線 大久保駅/徒歩3分ＪＲ山手線 新大久保駅/徒歩7分ＪＲ総武線 新宿駅/徒歩13分,築25年,鉄筋コンクリート,8階,7.8万円,"6,500円",1ヶ月,1ヶ月,1K,20.35m²
エスタシオン西新宿,マンション,東京都新宿区西新宿４丁目,9階建て, 都営大江戸線 西新宿五丁目駅/徒歩1分都営大江戸線 都庁前駅/徒歩11分東京メトロ丸ノ内線 西新宿駅/徒歩11分,築25年,鉄骨鉄筋コンクリート,5階,18.2万円,"10,000円",1ヶ月,1ヶ月,1LDK,57.83m²
東京都新宿区上落合１丁目,マンション,東京都新宿区上落合１丁目,5階建て, 都営大江戸線 中井駅/徒歩5分東京メトロ東西線 落合駅/徒歩8分西武鉄道新宿線 下落合駅/徒歩5分,築29年,鉄筋コンクリート,1階,6.4万円,"4,000円",－,－,1R,17.01m²
ウエストポイントコート,マンション,東京都新宿区信濃町,3階建て, ＪＲ総武線 信濃町駅/徒歩5分東京メトロ丸ノ内線 四谷三丁目駅/徒歩8分都営大江戸線 国立競技場駅/徒歩9分,築33年,鉄筋コンクリート,1階,21.6万円,"10,000円",1ヶ月,1ヶ月,2LDK,73.99m²
コスモシティ市ヶ谷,マンション,東京都新宿区箪笥町,9階建て, 都営大江戸線 牛込神楽坂駅/徒歩1分東京メトロ東西線 神楽坂駅/徒歩8分東京メトロ有楽町線 飯田橋駅/徒歩10分,築35年,鉄筋コンクリート,2階,6.9万円,"9,000円",－,－,1R,19.76m²
ニュー菅沼ビル,マンション,東京都新宿区荒木町,3階建て, 都営新宿線 曙橋駅/徒歩4分東京メトロ丸ノ内線 四谷三丁目駅/徒歩5分東京メトロ丸ノ内線 四ツ谷駅/徒歩14分,築36年,鉄筋コンクリート,3階,7.5万円,－,1ヶ月,－,1K,20m²
サンヒルズ落合,アパート,東京都新宿区上落合１丁目,2階建て, 東京メトロ東西線 落合駅/徒歩5分都営大江戸線 中井駅/徒歩7分ＪＲ総武線 東中野駅/徒歩10分,築36年,木造,1階,7.5万円,"2,000円",1ヶ月,1ヶ月,1K,20m²
番衆エムエスビル,マンション,東京都新宿区新宿５丁目,8階建て, 東京メトロ丸ノ内線 新宿御苑前駅/徒歩6分東京メトロ丸ノ内線 新宿三丁目駅/徒歩8分東京メトロ丸ノ内線 四谷三丁目駅/徒歩15分,築36年,鉄骨鉄筋コンクリート,3階,7.7万円,－,1ヶ月,1ヶ月,1R,22.72m²
ライオンズマンシヨン西新宿７,マンション,東京都新宿区西新宿６丁目,11階建て, 東京メトロ丸ノ内線 西新宿駅/徒歩6分東京メトロ丸ノ内線 中野坂上駅/徒歩9分都営大江戸線 都庁前駅/徒歩8分,築37年,鉄筋コンクリート,3階,6.5万円,－,1ヶ月,1ヶ月,1R,15.93m²
東京都新宿区西新宿４丁目,マンション,東京都新宿区西新宿４丁目,7階建て, 都営大江戸線 西新宿五丁目駅/徒歩4分都営大江戸線 都庁前駅/徒歩6分東京メトロ丸ノ内線 西新宿駅/徒歩11分,築37年,鉄骨鉄筋コンクリート,3階,6.3万円,"5,000円",－,－,1R,15.25m²
メイツ新宿なつめ坂,マンション,東京都新宿区若松町,7階建て, 都営大江戸線 若松河田駅/徒歩2分都営新宿線 曙橋駅/徒歩11分東京メトロ東西線 早稲田駅/徒歩8分,築37年,鉄筋コンクリート,3階,14.8万円,"5,000円",1ヶ月,1ヶ月,2LDK,52.86m²
サンサーラ第三御苑,マンション,東京都新宿区新宿１丁目,8階建て, 東京メトロ丸ノ内線 新宿御苑前駅/徒歩2分東京メトロ丸ノ内線 新宿三丁目駅/徒歩9分東京メトロ丸ノ内線 四谷三丁目駅/徒歩10分,築39年,鉄骨鉄筋コンクリート,2階,12.8万円,"7,000円",1ヶ月,1ヶ月,1DK,34.92m²
ライオンズマンション西新宿,マンション,東京都新宿区西新宿３丁目,11階建て, ＪＲ山手線 新宿駅/徒歩14分京王電鉄京王線 初台駅/徒歩6分都営大江戸線 都庁前駅/徒歩13分,築42年,鉄骨鉄筋コンクリート,6階,8万円,"5,000円",1ヶ月,1ヶ月,1R,19.39m²
東京都新宿区新宿６丁目,マンション,東京都新宿区新宿６丁目,12階建て, 都営大江戸線 東新宿駅/徒歩3分都営新宿線 新宿三丁目駅/徒歩8分ＪＲ山手線 新宿駅/徒歩11分,築43年,鉄筋コンクリート,3階,7.7万円,"4,000円",1ヶ月,1ヶ月,1R,17.42m²
サンライズ吉巳２号館,マンション,東京都新宿区中井１丁目,3階建て, 都営大江戸線 中井駅/徒歩6分東京メトロ東西線 落合駅/徒歩9分都営大江戸線 東中野駅/徒歩14分,築44年,鉄骨造,2階,7万円,"3,000円",1ヶ月,1ヶ月,1K,26.44m²
ＳｏＫｏ　ＰＡＲＣＯ,マンション,東京都新宿区百人町３丁目,5階建て, ＪＲ総武線 大久保駅/徒歩11分ＪＲ山手線 新大久保駅/徒歩11分ＪＲ山手線 高田馬場駅/徒歩12分,築0年,鉄筋コンクリート,1階,11万円,"5,000円",－,1ヶ月,1K,25.08m²
信濃町ハイム,マンション,東京都新宿区南元町,9階建て, ＪＲ総武線 信濃町駅/徒歩5分都営大江戸線 国立競技場駅/徒歩10分東京メトロ丸ノ内線 四谷三丁目駅/徒歩13分,築44年,鉄骨鉄筋コンクリート,5階,14万円,"5,000円",1ヶ月,－,1LDK,38.3m²
東京都新宿区新宿５丁目,マンション,東京都新宿区新宿５丁目,12階建て, 東京メトロ丸ノ内線 新宿御苑前駅/徒歩6分東京メトロ丸ノ内線 新宿三丁目駅/徒歩12分都営新宿線 曙橋駅/徒歩12分,築59年,鉄骨鉄筋コンクリート,7階,22.8万円,－,2ヶ月,1ヶ月,2LDK,76.1m²
アルム西新宿,マンション,東京都新宿区西新宿５丁目,4階建て, 都営大江戸線 西新宿五丁目駅/徒歩3分東京メトロ丸ノ内線 中野坂上駅/徒歩11分東京メトロ丸ノ内線 西新宿駅/徒歩14分,築1年,鉄骨造,3階,11.4万円,"5,000円",1ヶ月,1ヶ月,1K,30.98m²
アーバンプレイス高田馬場Ａ,アパート,東京都新宿区高田馬場４丁目,2階建て, ＪＲ山手線 高田馬場駅/徒歩7分西武鉄道新宿線 下落合駅/徒歩13分東京メトロ副都心線 西早稲田駅/徒歩14分,築2年,木造,2階,6.6万円,"4,000円",1ヶ月,－,1R,10.96m²
市ヶ谷仲之町ヒルズ　ウイングＳｏｕｔｈ棟,マンション,東京都新宿区市谷仲之町,6階建て, 都営新宿線 曙橋駅/徒歩4分都営大江戸線 牛込柳町駅/徒歩10分都営大江戸線 若松河田駅/徒歩11分,築2年,鉄筋コンクリート,2階,11.6万円,"7,000円",1ヶ月,1ヶ月,1K,25.74m²
Ｌｉｖｅ　Ｃａｓａ早稲田,マンション,東京都新宿区馬場下町,8階建て, 東京メトロ東西線 早稲田駅/徒歩1分都電荒川線 早稲田駅/徒歩11分都営大江戸線 若松河田駅/徒歩12分,築2年,鉄筋コンクリート,4階,11.8万円,"10,000円",1ヶ月,－,1K,25.14m²
Ｋａｇｕｒａｚａｋａ　Ｔｅｒｒａｃｅ,マンション,東京都新宿区北町,4階建て, 都営大江戸線 牛込神楽坂駅/徒歩3分東京メトロ東西線 神楽坂駅/徒歩9分ＪＲ総武線 飯田橋駅/徒歩13分,築2年,鉄筋コンクリート,2階,26.5万円,"5,000円",－,"265,000円",1LDK,56.01m²
ベルフィオーレ四谷,マンション,東京都新宿区四谷４丁目,4階建て, 東京メトロ丸ノ内線 四谷三丁目駅/徒歩7分都営新宿線 曙橋駅/徒歩11分東京メトロ丸ノ内線 新宿御苑前駅/徒歩9分,築4年,鉄筋コンクリート,3階,10.5万円,"5,000円",1ヶ月,1ヶ月,1K,25.23m²
ＤｅＬＣＣＳ　曙橋,マンション,東京都新宿区片町,14階建て, 都営新宿線 曙橋駅/徒歩2分東京メトロ丸ノ内線 四谷三丁目駅/徒歩9分都営大江戸線 牛込柳町駅/徒歩12分,築4年,鉄筋コンクリート,3階,10万円,"10,000円",－,－,1K,25.66m²
ワイズパティオ,マンション,東京都新宿区余丁町,5階建て, 都営大江戸線 若松河田駅/徒歩8分東京メトロ丸ノ内線 新宿三丁目駅/徒歩13分都営新宿線 曙橋駅/徒歩11分,築5年,鉄筋コンクリート,1階,15.2万円,"10,000円",1ヶ月,－,1LDK,38.42m²
ソレーユ四谷三丁目,マンション,東京都新宿区舟町,5階建て, 東京メトロ丸ノ内線 四谷三丁目駅/徒歩3分都営新宿線 曙橋駅/徒歩6分ＪＲ総武線 四ツ谷駅/徒歩13分,築9年,鉄筋コンクリート,4階,10.8万円,"5,000円",1ヶ月,1ヶ月,1R,26.36m²
東京都新宿区早稲田鶴巻町,マンション,東京都新宿区早稲田鶴巻町,7階建て, 東京メトロ東西線 早稲田駅/徒歩5分東京メトロ東西線 神楽坂駅/徒歩10分東京メトロ有楽町線 江戸川橋駅/徒歩10分,築9年,鉄筋コンクリート,5階,15万円,"10,000円",1ヶ月,1ヶ月,1LDK,39.22m²
ｈａｒｕ,マンション,東京都新宿区早稲田鶴巻町,7階建て, 東京メトロ東西線 早稲田駅/徒歩5分東京メトロ東西線 神楽坂駅/徒歩10分東京メトロ有楽町線 江戸川橋駅/徒歩10分,築9年,鉄筋コンクリート,5階,15万円,"10,000円",1ヶ月,1ヶ月,1LDK,39.22m²
メゾン・ド・コリーヌ市ヶ谷,マンション,東京都新宿区市谷田町３丁目,6階建て, 都営大江戸線 飯田橋駅/徒歩7分東京メトロ南北線 市ケ谷駅/徒歩6分都営大江戸線 牛込神楽坂駅/徒歩10分,築10年,鉄筋コンクリート,1階,15.5万円,"10,000円","155,000円","155,000円",1LDK,42.51m²
ラ・コスタ新宿余丁町,マンション,東京都新宿区余丁町,10階建て, 都営大江戸線 若松河田駅/徒歩5分東京メトロ副都心線 東新宿駅/徒歩8分都営新宿線 曙橋駅/徒歩11分,築12年,鉄筋コンクリート,5階,10.3万円,"12,000円",1ヶ月,1ヶ月,1R,26.24m²
アーバンレジデンス仲之町,マンション,東京都新宿区市谷仲之町,6階建て, 都営新宿線 曙橋駅/徒歩5分都営大江戸線 牛込柳町駅/徒歩8分東京メトロ丸ノ内線 四谷三丁目駅/徒歩12分,築15年,鉄筋コンクリート,3階,9.2万円,"5,000円","46,000円","92,000円",1K,23.21m²
ゼクシア市谷台,マンション,東京都新宿区市谷台町,9階建て, 都営新宿線 曙橋駅/徒歩6分都営大江戸線 若松河田駅/徒歩9分東京メトロ丸ノ内線 四谷三丁目駅/徒歩12分,築15年,鉄筋コンクリート,6階,11万円,"15,000円",－,－,1R,31.22m²
シュエット神楽坂,マンション,東京都新宿区神楽坂５丁目,10階建て, 都営大江戸線 牛込神楽坂駅/徒歩2分東京メトロ東西線 神楽坂駅/徒歩5分都営大江戸線 飯田橋駅/徒歩6分,築15年,鉄筋コンクリート,3階,12.4万円,"10,000円",2ヶ月,1ヶ月,1K,30.6m²
東京都新宿区神楽坂５丁目,マンション,東京都新宿区神楽坂５丁目,10階建て, 都営大江戸線 牛込神楽坂駅/徒歩2分東京メトロ東西線 神楽坂駅/徒歩5分都営大江戸線 飯田橋駅/徒歩6分,築15年,鉄筋コンクリート,4階,12.9万円,"10,000円",2ヶ月,1ヶ月,1K,32.16m²
東京都新宿区矢来町,マンション,東京都新宿区矢来町,4階建て, 東京メトロ東西線 神楽坂駅/徒歩1分都営大江戸線 牛込神楽坂駅/徒歩8分東京メトロ有楽町線 江戸川橋駅/徒歩10分,築17年,鉄筋コンクリート,1階,9.6万円,"8,000円",－,－,1K,21.84m²
ＳｏＫｏ　ＰＡＲＣＯ,マンション,東京都新宿区百人町３丁目,5階建て, ＪＲ総武線 大久保駅/徒歩11分ＪＲ山手線 新大久保駅/徒歩11分ＪＲ山手線 高田馬場駅/徒歩12分,築0年,鉄筋コンクリート,1階,11万円,"5,000円",－,1ヶ月,1K,25.08m²
ＡＤＸ新宿河田町,マンション,東京都新宿区河田町,3階建て, 都営新宿線 曙橋駅/徒歩8分都営大江戸線 若松河田駅/徒歩6分,築19年,鉄骨造,1階,6.8万円,"5,000円",－,－,1K,15.12m²
東京都新宿区西新宿５丁目,マンション,東京都新宿区西新宿５丁目,3階建て, 都営大江戸線 西新宿五丁目駅/徒歩5分東京メトロ丸ノ内線 西新宿駅/徒歩9分ＪＲ山手線 新宿駅/徒歩15分,築19年,鉄筋コンクリート,1階,13.1万円,"10,000円",1ヶ月,1ヶ月,1LDK,37.9m²
パレステュディオ新宿御苑前,マンション,東京都新宿区四谷４丁目,10階建て, 東京メトロ丸ノ内線 新宿御苑前駅/徒歩4分東京メトロ丸ノ内線 四谷三丁目駅/徒歩9分都営新宿線 新宿三丁目駅/徒歩11分,築20年,鉄骨鉄筋コンクリート,2階,9.1万円,"10,000円",1ヶ月,1ヶ月,1K,25.17m²
ベター・デイズ,アパート,東京都新宿区北新宿１丁目,2階建て, ＪＲ総武線 大久保駅/徒歩8分ＪＲ山手線 新大久保駅/徒歩10分東京メトロ丸ノ内線 西新宿駅/徒歩11分,築21年,木造,1階,7.5万円,"3,000円",－,1ヶ月,1K,16.95m²
アクティブミレニアム江戸川橋,マンション,東京都新宿区水道町,6階建て, 東京メトロ有楽町線 江戸川橋駅/徒歩6分東京メトロ東西線 神楽坂駅/徒歩9分都営大江戸線 牛込神楽坂駅/徒歩13分,築22年,鉄筋コンクリート,2階,7.3万円,"8,000円",－,1ヶ月,1K,19.86m²
アイランドピア新宿（旧ダイヤピア２１２）,マンション,東京都新宿区若松町,10階建て, 都営大江戸線 若松河田駅/徒歩1分都営大江戸線 牛込柳町駅/徒歩8分東京メトロ東西線 早稲田駅/徒歩12分,築22年,鉄骨鉄筋コンクリート,4階,9.9万円,－,1ヶ月,－,1R,28.98m²
スカイコート高田馬場,マンション,東京都新宿区高田馬場３丁目,4階建て, 西武鉄道新宿線 下落合駅/徒歩4分ＪＲ山手線 高田馬場駅/徒歩11分都営大江戸線 中井駅/徒歩11分,築27年,鉄筋コンクリート,3階,6.55万円,"5,500円",1ヶ月,－,1R,16.16m²
東京都新宿区西新宿４丁目,マンション,東京都新宿区西新宿４丁目,4階建て, 都営大江戸線 西新宿五丁目駅/徒歩2分京王電鉄京王線 初台駅/徒歩15分都営大江戸線 都庁前駅/徒歩13分,築28年,鉄筋コンクリート,1階,7.4万円,"8,500円",－,－,1K,19.44m²
セントレー市ヶ谷,マンション,東京都新宿区市谷加賀町２丁目,5階建て, 都営大江戸線 牛込柳町駅/徒歩7分都営新宿線 曙橋駅/徒歩10分東京メトロ南北線 市ケ谷駅/徒歩12分,築30年,鉄筋コンクリート,2階,9.5万円,"6,000円",1ヶ月,1ヶ月,1DK,38.58m²
日興パレス新宿ＰＡＲＴ６,マンション,東京都新宿区新宿７丁目,3階建て, 都営大江戸線 東新宿駅/徒歩8分都営大江戸線 若松河田駅/徒歩11分,築32年,鉄筋コンクリート,2階,8.2万円,"5,000円",1ヶ月,1ヶ月,1R,21.35m²
三協グリーンコート落合駅前第１,マンション,東京都新宿区上落合３丁目,5階建て, 東京メトロ東西線 落合駅/徒歩2分都営大江戸線 中井駅/徒歩6分都営大江戸線 東中野駅/徒歩8分,築33年,鉄筋コンクリート,3階,7万円,－,1ヶ月,1ヶ月,1K,19.32m²
ヒルサイド四谷,マンション,東京都新宿区四谷坂町,3階建て, 東京メトロ丸ノ内線 四ツ谷駅/徒歩6分都営新宿線 曙橋駅/徒歩9分東京メトロ丸ノ内線 四谷三丁目駅/徒歩11分,築35年,鉄筋コンクリート,2階,8.5万円,－,1ヶ月,1ヶ月,1K,25.33m²
ウィン四ツ谷,マンション,東京都新宿区住吉町,13階建て, 都営新宿線 曙橋駅/徒歩1分東京メトロ丸ノ内線 四谷三丁目駅/徒歩6分都営大江戸線 若松河田駅/徒歩10分,築38年,鉄骨鉄筋コンクリート,7階,22万円,－,2ヶ月,1ヶ月,2LDK,55.45m²
御苑ハイム,マンション,東京都新宿区四谷４丁目,9階建て, 東京メトロ丸ノ内線 新宿御苑前駅/徒歩6分東京メトロ丸ノ内線 四谷三丁目駅/徒歩8分都営新宿線 曙橋駅/徒歩9分,築44年,鉄骨鉄筋コンクリート,6階,6.4万円,"8,000円",1ヶ月,－,1R,19.97m²
東京都新宿区須賀町,マンション,東京都新宿区須賀町,5階建て, 東京メトロ丸ノ内線 四谷三丁目駅/徒歩8分ＪＲ総武線 信濃町駅/徒歩10分東京メトロ丸ノ内線 四ツ谷駅/徒歩10分,築55年,鉄筋コンクリート,2階,10.7万円,"8,000円",1ヶ月,1ヶ月,1K,32.4m²
ＲＥＧＡＬＩＺ四谷（レガリスヨツヤ）,マンション,東京都新宿区若葉２丁目,6階建て, 東京メトロ丸ノ内線 四谷三丁目駅/徒歩7分東京メトロ丸ノ内線 四ツ谷駅/徒歩8分ＪＲ総武線 信濃町駅/徒歩11分,築1年,鉄筋コンクリート,5階,12.8万円,"15,000円",1ヶ月,1ヶ月,1DK,29.74m²
東京都新宿区早稲田町,マンション,東京都新宿区早稲田町,11階建て, 東京メトロ東西線 早稲田駅/徒歩3分都営大江戸線 牛込柳町駅/徒歩11分東京メトロ東西線 神楽坂駅/徒歩11分,築2年,鉄筋コンクリート,3階,12.2万円,"10,000円",1ヶ月,－,1K,25m²
ドゥーエ早稲田,マンション,東京都新宿区西早稲田２丁目,10階建て, 東京メトロ東西線 早稲田駅/徒歩7分都電荒川線 早稲田駅/徒歩9分東京メトロ副都心線 西早稲田駅/徒歩10分,築2年,鉄筋コンクリート,2階,15.6万円,"10,000円",1ヶ月,1ヶ月,1LDK,35.55m²
ＡＳＴＩＬＥ四谷,マンション,東京都新宿区四谷本塩町,5階建て, 中央本線（ＪＲ東日本） 四ツ谷駅/徒歩6分東京メトロ有楽町線 市ケ谷駅/徒歩8分都営新宿線 曙橋駅/徒歩9分,築2年,鉄筋コンクリート,1階,15.45万円,"18,000円","154,500円","154,500円",1K,33.57m²
ルクレ東新宿（旧ＡＬＥＲＯ新宿）,マンション,東京都新宿区新宿６丁目,4階建て, 都営大江戸線 東新宿駅/徒歩5分都営大江戸線 若松河田駅/徒歩9分ＪＲ山手線 新宿駅/徒歩17分,築3年,鉄筋コンクリート,1階,19.1万円,"15,000円",－,－,1LDK,38.97m²
ＳｏＫｏ　ＰＡＲＣＯ,マンション,東京都新宿区百人町３丁目,5階建て, ＪＲ総武線 大久保駅/徒歩11分ＪＲ山手線 新大久保駅/徒歩11分ＪＲ山手線 高田馬場駅/徒歩12分,築0年,鉄筋コンクリート,3階,13.2万円,"5,000円",－,1ヶ月,1LDK,27.98m²
デュオステージ中落合,マンション,東京都新宿区中落合１丁目,4階建て, 西武鉄道新宿線 中井駅/徒歩5分西武鉄道新宿線 下落合駅/徒歩9分都営大江戸線 落合南長崎駅/徒歩12分,築4年,鉄筋コンクリート,1階,10.5万円,"10,000円",1ヶ月,－,1R,30.69m²
カイゼル,アパート,東京都新宿区上落合１丁目,2階建て, 都営大江戸線 中井駅/徒歩6分西武鉄道新宿線 下落合駅/徒歩6分東京メトロ東西線 落合駅/徒歩9分,築4年,木造,1階,11.9万円,"3,000円",1ヶ月,1ヶ月,1LDK,35.99m²
Ｃｉｅｌ　ＨｉｇａｓｈｉーＳｈｉｎｊｕｋｕ,マンション,東京都新宿区大久保２丁目,3階建て, 東京メトロ副都心線 西早稲田駅/徒歩4分都営大江戸線 東新宿駅/徒歩6分ＪＲ山手線 新大久保駅/徒歩13分,築4年,鉄筋コンクリート,2階,14.5万円,"5,000円",1ヶ月,1ヶ月,1LDK,38.18m²
東京都新宿区早稲田鶴巻町,マンション,東京都新宿区早稲田鶴巻町,10階建て, 東京メトロ有楽町線 江戸川橋駅/徒歩7分東京メトロ東西線 早稲田駅/徒歩9分都電荒川線 早稲田駅/徒歩11分,築5年,鉄筋コンクリート,7階,11万円,"5,500円",－,1ヶ月,1K,25.47m²
東京都新宿区四谷４丁目,マンション,東京都新宿区四谷４丁目,14階建て, 東京メトロ丸ノ内線 四谷三丁目駅/徒歩4分東京メトロ丸ノ内線 新宿御苑前駅/徒歩7分都営新宿線 曙橋駅/徒歩12分,築5年,鉄筋コンクリート,3階,15.4万円,"15,000円",1ヶ月,－,1R,35.84m²
東京都新宿区中落合１丁目,アパート,東京都新宿区中落合１丁目,2階建て, 都営大江戸線 中井駅/徒歩7分西武鉄道新宿線 下落合駅/徒歩8分,築6年,木造,1階,5万円,"3,000円",－,－,1R,10.08m²
東京都新宿区高田馬場２丁目,アパート,東京都新宿区高田馬場２丁目,2階建て, ＪＲ山手線 高田馬場駅/徒歩7分東京メトロ東西線 早稲田駅/徒歩4分都電荒川線 面影橋駅/徒歩9分,築6年,木造,1階,7.3万円,"3,500円",－,－,1R,11.04m²
リブリ・ヒルサイド銀杏坂,マンション,東京都新宿区市谷薬王寺町,9階建て, 都営大江戸線 牛込柳町駅/徒歩4分都営新宿線 曙橋駅/徒歩9分都営大江戸線 若松河田駅/徒歩12分,築6年,鉄筋コンクリート,7階,13.4万円,"6,000円",－,1ヶ月,1LDK,33.25m²
東京都新宿区原町１丁目,マンション,東京都新宿区原町１丁目,10階建て, 都営大江戸線 牛込柳町駅/徒歩2分都営大江戸線 若松河田駅/徒歩10分都営大江戸線 牛込神楽坂駅/徒歩11分,築7年,鉄筋コンクリート,7階,10.3万円,"15,000円",－,1ヶ月,1K,25.81m²
東京都新宿区四谷４丁目,マンション,東京都新宿区四谷４丁目,14階建て, 東京メトロ丸ノ内線 新宿御苑前駅/徒歩5分東京メトロ丸ノ内線 四谷三丁目駅/徒歩7分東京メトロ丸ノ内線 新宿三丁目駅/徒歩10分,築8年,鉄筋コンクリート,2階,13.2万円,"10,500円",－,1ヶ月,1K,25.66m²
セントラルプレイス新宿御苑前,マンション,東京都新宿区新宿１丁目,15階建て, 東京メトロ丸ノ内線 新宿御苑前駅/徒歩4分東京メトロ丸ノ内線 新宿三丁目駅/徒歩6分東京メトロ丸ノ内線 新宿駅/徒歩12分,築8年,鉄筋コンクリート,2階,12.8万円,"8,000円",1ヶ月,－,1K,25.69m²
東京都新宿区大久保２丁目,アパート,東京都新宿区大久保２丁目,2階建て, ＪＲ山手線 新大久保駅/徒歩6分東京メトロ副都心線 東新宿駅/徒歩7分ＪＲ総武線 大久保駅/徒歩10分,築9年,木造,2階,6.8万円,"3,500円",－,1ヶ月,1R,11.46m²
コンフォリア新宿イーストサイドタワーＡＮＮＥＸ,マンション,東京都新宿区新宿６丁目,4階建て, 都営大江戸線 東新宿駅/徒歩3分東京メトロ丸ノ内線 新宿三丁目駅/徒歩4分東京メトロ丸ノ内線 新宿駅/徒歩12分,築11年,鉄筋コンクリート,2階,34万円,－,2ヶ月,－,1LDK,56.39m²
ルーブル早稲田六番館,マンション,東京都新宿区戸山１丁目,5階建て, 東京メトロ東西線 早稲田駅/徒歩3分都営大江戸線 若松河田駅/徒歩9分都営大江戸線 牛込柳町駅/徒歩10分,築14年,鉄筋コンクリート,3階,8万円,"9,000円",－,1ヶ月,1K,20.25m²
Ｇａｒｄｅｎ　Ｉ’ｌｌ　Ｙｏｔｓｕｙａ,マンション,東京都新宿区四谷１丁目,11階建て, ＪＲ総武線 四ツ谷駅/徒歩3分東京メトロ丸ノ内線 四谷三丁目駅/徒歩8分都営新宿線 曙橋駅/徒歩12分,築14年,鉄骨鉄筋コンクリート,11階,14.2万円,"10,000円",1ヶ月,1ヶ月,1R,27.84m²
ソレアード落合,アパート,東京都新宿区上落合２丁目,2階建て, 西武鉄道新宿線 中井駅/徒歩5分東京メトロ東西線 落合駅/徒歩6分西武鉄道新宿線 下落合駅/徒歩11分,築15年,木造,2階,7.8万円,"4,500円",－,1ヶ月,1K,21.43m²
ウィントンベリーハウス四谷,マンション,東京都新宿区若葉１丁目,3階建て, 中央本線（ＪＲ東日本） 四ツ谷駅/徒歩5分東京メトロ丸ノ内線 四谷三丁目駅/徒歩5分ＪＲ総武線 信濃町駅/徒歩14分,築15年,鉄筋コンクリート,1階,12万円,"10,000円",1ヶ月,1ヶ月,1K,27.65m²
ウエスト１６,マンション,東京都新宿区西新宿３丁目,4階建て, 京王電鉄京王線 初台駅/徒歩5分都営大江戸線 西新宿五丁目駅/徒歩10分ＪＲ山手線 新宿駅/徒歩15分,築17年,鉄筋コンクリート,B1階,8万円,－,－,－,1R,16.48m²
ルネッサンス新宿,マンション,東京都新宿区百人町２丁目,9階建て, ＪＲ山手線 新大久保駅/徒歩1分ＪＲ総武線 大久保駅/徒歩4分都営大江戸線 東新宿駅/徒歩11分,築17年,鉄筋コンクリート,5階,8.7万円,"5,000円",－,1ヶ月,1K,18.93m²
四谷アパートメント,マンション,東京都新宿区須賀町,4階建て, 東京メトロ丸ノ内線 四谷三丁目駅/徒歩5分ＪＲ総武線 信濃町駅/徒歩9分東京メトロ南北線 四ツ谷駅/徒歩12分,築17年,鉄筋コンクリート,1階,20.5万円,"10,000円",1ヶ月,1ヶ月,1LDK,57.53m²
ＳｏＫｏ　ＰＡＲＣＯ,マンション,東京都新宿区百人町３丁目,5階建て, ＪＲ総武線 大久保駅/徒歩11分ＪＲ山手線 新大久保駅/徒歩11分ＪＲ山手線 高田馬場駅/徒歩12分,築0年,鉄筋コンクリート,3階,13.2万円,"5,000円",－,1ヶ月,1LDK,27.31m²
レジディア市ヶ谷,マンション,東京都新宿区市谷本村町,14階建て, 東京メトロ南北線 市ケ谷駅/徒歩5分東京メトロ丸ノ内線 四ツ谷駅/徒歩8分都営新宿線 曙橋駅/徒歩10分,築18年,鉄骨鉄筋コンクリート,6階,24.4万円,"15,000円",1ヶ月,2ヶ月,2LDK,53.1m²
河田町ガーデン　１号棟,マンション,東京都新宿区河田町,41階建て, 都営新宿線 曙橋駅/徒歩4分都営大江戸線 若松河田駅/徒歩6分都営大江戸線 牛込柳町駅/徒歩9分,築20年,鉄筋コンクリート,29階,25.86万円,"10,000円",－,－,1R,56.14m²
アルカーデンシティリンクス新宿,マンション,東京都新宿区大久保２丁目,12階建て, ＪＲ山手線 新大久保駅/徒歩8分東京メトロ副都心線 東新宿駅/徒歩3分東京メトロ副都心線 西早稲田駅/徒歩13分,築22年,鉄骨鉄筋コンクリート,6階,8.5万円,"10,000円",1ヶ月,1ヶ月,1R,26.26m²
レジディア新宿イースト,マンション,東京都新宿区新宿５丁目,8階建て, 東京メトロ丸ノ内線 新宿三丁目駅/徒歩5分東京メトロ丸ノ内線 新宿御苑前駅/徒歩6分ＪＲ総武線 新宿駅/徒歩10分,築22年,鉄骨鉄筋コンクリート,2階,9.4万円,"10,000円",1ヶ月,1ヶ月,1K,23.79m²
三鶴屋ハウス,マンション,東京都新宿区中落合３丁目,8階建て, 都営大江戸線 落合南長崎駅/徒歩8分西武池袋・豊島線 椎名町駅/徒歩9分ＪＲ山手線 目白駅/徒歩20分,築23年,鉄筋コンクリート,2階,9万円,"5,000円",0.5ヶ月,0.5ヶ月,1R,27.37m²
ハイツ・サン,アパート,東京都新宿区高田馬場４丁目,2階建て, ＪＲ山手線 高田馬場駅/徒歩3分東京メトロ副都心線 西早稲田駅/徒歩14分西武鉄道新宿線 下落合駅/徒歩16分,築25年,木造,1階,8.2万円,"3,000円",1ヶ月,1ヶ月,1K,26.22m²
プレール西新宿,マンション,東京都新宿区西新宿８丁目,8階建て, 東京メトロ丸ノ内線 西新宿駅/徒歩2分都営大江戸線 都庁前駅/徒歩12分ＪＲ山手線 新宿駅/徒歩12分,築25年,鉄筋コンクリート,4階,7.9万円,"8,000円",1ヶ月,1ヶ月,1R,19.59m²
フラワーハウス,アパート,東京都新宿区上落合２丁目,3階建て, 西武鉄道新宿線 下落合駅/徒歩5分都営大江戸線 中井駅/徒歩8分東京メトロ東西線 落合駅/徒歩11分,築27年,木造,2階,5.9万円,"3,000円",－,－,1K,16.01m²
ドルチェ新宿,マンション,東京都新宿区新宿７丁目,8階建て, 都営大江戸線 東新宿駅/徒歩3分ＪＲ山手線 新大久保駅/徒歩9分都営大江戸線 若松河田駅/徒歩11分,築27年,鉄筋コンクリート,4階,7.2万円,"6,000円",1ヶ月,1ヶ月,1K,18.45m²
フォレスタ御苑前,マンション,東京都新宿区大京町,10階建て, ＪＲ総武線 千駄ケ谷駅/徒歩8分東京メトロ丸ノ内線 新宿御苑前駅/徒歩10分都営大江戸線 国立競技場駅/徒歩8分,築28年,鉄骨鉄筋コンクリート,8階,8.1万円,"5,000円",1ヶ月,1ヶ月,1R,16m²
東京都新宿区西新宿５丁目,マンション,東京都新宿区西新宿５丁目,5階建て, 都営大江戸線 西新宿五丁目駅/徒歩6分東京メトロ丸ノ内線 中野坂上駅/徒歩7分ＪＲ山手線 新宿駅/徒歩18分,築29年,鉄筋コンクリート,1階,9.8万円,"6,000円",1ヶ月,1ヶ月,1DK,28.64m²
パインクレスト信濃町,マンション,東京都新宿区南元町,3階建て, ＪＲ総武線 信濃町駅/徒歩4分ＪＲ総武線 四ツ谷駅/徒歩12分東京メトロ丸ノ内線 四谷三丁目駅/徒歩10分,築31年,鉄筋コンクリート,2階,15.5万円,－,1ヶ月,1ヶ月,2DK,43.81m²
ウッディ信濃町,マンション,東京都新宿区南元町,5階建て, ＪＲ総武線 信濃町駅/徒歩7分都営大江戸線 国立競技場駅/徒歩12分ＪＲ総武線 四ツ谷駅/徒歩14分,築32年,鉄骨造,2階,6.5万円,"3,000円",1ヶ月,1ヶ月,1K,18.6m²
アーバングレイス,マンション,東京都新宿区原町１丁目,3階建て, 都営大江戸線 牛込柳町駅/徒歩2分東京メトロ東西線 早稲田駅/徒歩11分都営大江戸線 若松河田駅/徒歩11分,築32年,鉄筋コンクリート,1階,12.5万円,"4,000円",1ヶ月,－,2DK,40m²
メゾンブランシュ,マンション,東京都新宿区大久保１丁目,4階建て, ＪＲ山手線 新大久保駅/徒歩3分ＪＲ総武線 大久保駅/徒歩7分都営大江戸線 東新宿駅/徒歩8分,築34年,鉄筋コンクリート,1階,7万円,"4,000円",－,－,1R,18.9m²
ユニヴェールビル,マンション,東京都新宿区四谷４丁目,4階建て, 東京メトロ丸ノ内線 四谷三丁目駅/徒歩5分東京メトロ丸ノ内線 新宿御苑前駅/徒歩5分都営新宿線 曙橋駅/徒歩11分,築35年,鉄骨鉄筋コンクリート,2階,7万円,－,1ヶ月,1ヶ月,1R,17.23m²
ハイツオーロラ,マンション,東京都新宿区愛住町,3階建て, 東京メトロ丸ノ内線 四谷三丁目駅/徒歩2分都営新宿線 曙橋駅/徒歩5分東京メトロ丸ノ内線 新宿御苑前駅/徒歩12分,築35年,鉄骨造,3階,7万円,－,1ヶ月,－,1R,13.5m²
東京都新宿区新宿１丁目,マンション,東京都新宿区新宿１丁目,11階建て, 東京メトロ丸ノ内線 新宿御苑前駅/徒歩5分東京メトロ丸ノ内線 新宿三丁目駅/徒歩9分東京メトロ丸ノ内線 四谷三丁目駅/徒歩9分,築38年,鉄骨鉄筋コンクリート,5階,8.1万円,"6,000円",1ヶ月,1ヶ月,1R,25.25m²
落合ミュージックハイム,マンション,東京都新宿区上落合２丁目,3階建て, 都営大江戸線 中井駅/徒歩3分東京メトロ東西線 落合駅/徒歩6分西武鉄道新宿線 下落合駅/徒歩10分,築39年,鉄筋コンクリート,2階,6万円,"5,000円",1ヶ月,1ヶ月,1R,16m²
ライオンズマンション新宿御苑第２,マンション,東京都新宿区新宿２丁目,11階建て, 都営新宿線 新宿三丁目駅/徒歩2分東京メトロ丸ノ内線 新宿御苑前駅/徒歩4分ＪＲ山手線 新宿駅/徒歩13分,築40年,鉄骨鉄筋コンクリート,10階,10.8万円,"10,000円",1ヶ月,－,1DK,29.92m²
ＳｏＫｏ　ＰＡＲＣＯ,マンション,東京都新宿区百人町３丁目,5階建て, ＪＲ総武線 大久保駅/徒歩11分ＪＲ山手線 新大久保駅/徒歩11分ＪＲ山手線 高田馬場駅/徒歩12分,築0年,鉄筋コンクリート,2階,13.1万円,"5,000円",－,1ヶ月,1LDK,27.31m²
メゾン・ド・バルセル,マンション,東京都新宿区下落合３丁目,4階建て, ＪＲ山手線 目白駅/徒歩4分東京メトロ副都心線 雑司が谷駅/徒歩13分ＪＲ山手線 高田馬場駅/徒歩14分,築42年,鉄筋コンクリート,2階,5.9万円,"5,000円",－,－,1R,18.83m²
カーサ富久町,マンション,東京都新宿区富久町,10階建て, 都営新宿線 曙橋駅/徒歩6分東京メトロ丸ノ内線 四谷三丁目駅/徒歩8分東京メトロ丸ノ内線 新宿御苑前駅/徒歩10分,築43年,鉄骨鉄筋コンクリート,3階,8.3万円,－,2ヶ月,1ヶ月,1DK,25m²
ファミール西新宿,マンション,東京都新宿区西新宿３丁目,15階建て, ＪＲ山手線 新宿駅/徒歩12分小田急小田原線 参宮橋駅/徒歩13分京王電鉄京王線 初台駅/徒歩12分,築43年,鉄骨鉄筋コンクリート,3階,15万円,－,1ヶ月,1ヶ月,1LDK,49.71m²
シャトレ市ヶ谷,マンション,東京都新宿区富久町,14階建て, 都営新宿線 曙橋駅/徒歩8分東京メトロ丸ノ内線 新宿御苑前駅/徒歩8分東京メトロ丸ノ内線 四谷三丁目駅/徒歩10分,築52年,鉄骨鉄筋コンクリート,7階,12万円,"8,000円",1ヶ月,1ヶ月,1K,36.51m²
ブランカ,マンション,東京都新宿区四谷４丁目,4階建て, 都営新宿線 曙橋駅/徒歩5分東京メトロ丸ノ内線 四谷三丁目駅/徒歩7分東京メトロ丸ノ内線 新宿御苑前駅/徒歩10分,築53年,鉄筋コンクリート,1階,7.1万円,"3,000円",1ヶ月,1ヶ月,1R,18.77m²
東京都新宿区新宿７丁目,アパート,東京都新宿区新宿７丁目,3階建て, 東京メトロ副都心線 東新宿駅/徒歩4分ＪＲ山手線 新大久保駅/徒歩14分西武鉄道新宿線 西武新宿駅/徒歩12分,築2年,軽量鉄骨,2階,12万円,－,0.5ヶ月,0.5ヶ月,1K,26.72m²
ミレドゥーエ新宿中落合,マンション,東京都新宿区中落合２丁目,4階建て, 西武鉄道新宿線 下落合駅/徒歩9分西武鉄道新宿線 中井駅/徒歩10分西武池袋・豊島線 椎名町駅/徒歩11分,築2年,鉄筋コンクリート,3階,15万円,"15,000円",－,－,1LDK,35.45m²
東京都新宿区北新宿２丁目,マンション,東京都新宿区北新宿２丁目,3階建て, 東京メトロ丸ノ内線 西新宿駅/徒歩7分東京メトロ丸ノ内線 中野坂上駅/徒歩8分ＪＲ総武線 大久保駅/徒歩12分,築4年,鉄骨造,3階,11.3万円,"3,000円",1ヶ月,－,1R,30m²
ブリランテ西新宿,マンション,東京都新宿区西新宿３丁目,3階建て, 京王電鉄京王線 初台駅/徒歩6分都営大江戸線 都庁前駅/徒歩11分都営大江戸線 西新宿五丁目駅/徒歩12分,築4年,鉄骨造,2階,16.6万円,"4,000円",1ヶ月,1ヶ月,1LDK,48.53m²
ＡＸＡＳレジデンス外苑,マンション,東京都新宿区南元町,7階建て, ＪＲ総武線 信濃町駅/徒歩6分都営大江戸線 国立競技場駅/徒歩11分東京メトロ丸ノ内線 四谷三丁目駅/徒歩12分,築4年,鉄筋コンクリート,3階,17万円,"15,000円",1ヶ月,－,1LDK,45.17m²
Ｎビル上落合,マンション,東京都新宿区上落合１丁目,5階建て, 西武鉄道新宿線 下落合駅/徒歩2分,築4年,鉄筋コンクリート,4階,17.4万円,"11,000円",－,1ヶ月,1LDK,49.44m²
東京都新宿区上落合１丁目,マンション,東京都新宿区上落合１丁目,5階建て, 西武鉄道新宿線 下落合駅/徒歩2分,築4年,鉄筋コンクリート,4階,17.4万円,"11,000円",－,1ヶ月,1LDK,49.44m²
オーギュメント牛込神楽坂,マンション,東京都新宿区北山伏町,10階建て, 都営大江戸線 牛込柳町駅/徒歩5分都営大江戸線 牛込神楽坂駅/徒歩8分東京メトロ東西線 神楽坂駅/徒歩11分,築5年,鉄筋コンクリート,3階,17万円,"8,000円",1ヶ月,1ヶ月,1LDK,35.7m²
東京都新宿区高田馬場３丁目,アパート,東京都新宿区高田馬場３丁目,3階建て, 西武鉄道新宿線 下落合駅/徒歩7分ＪＲ山手線 高田馬場駅/徒歩10分西武鉄道新宿線 中井駅/徒歩16分,築6年,軽量鉄骨,2階,9.9万円,"5,000円",－,1ヶ月,1K,27.92m²
ルーブル新宿原町,マンション,東京都新宿区原町３丁目,12階建て, 都営大江戸線 若松河田駅/徒歩4分都営大江戸線 牛込柳町駅/徒歩4分東京メトロ東西線 早稲田駅/徒歩12分,築6年,鉄筋コンクリート,5階,10.2万円,"9,000円",－,1ヶ月,1K,25.69m²
プレミアムキューブＧ四谷左門町,マンション,東京都新宿区左門町,13階建て, 東京メトロ丸ノ内線 四谷三丁目駅/徒歩5分ＪＲ総武線 信濃町駅/徒歩7分ＪＲ総武線 四ツ谷駅/徒歩15分,築10年,鉄筋コンクリート,7階,11.4万円,"18,000円",－,"114,000円",1R,25.56m²
東京都新宿区西早稲田２丁目,マンション,東京都新宿区西早稲田２丁目,10階建て, 東京メトロ副都心線 西早稲田駅/徒歩7分都電荒川線 面影橋駅/徒歩7分都電荒川線 早稲田駅/徒歩11分,築9年,鉄筋コンクリート,3階,13万円,"3,000円",－,1ヶ月,1K,26.15m²
東京都新宿区弁天町,マンション,東京都新宿区弁天町,4階建て, 東京メトロ東西線 早稲田駅/徒歩8分東京メトロ東西線 神楽坂駅/徒歩8分都営大江戸線 牛込柳町駅/徒歩9分,築11年,鉄骨造,1階,8.8万円,"3,000円",1ヶ月,1ヶ月,1R,24.84m²
ルリオン西新宿,マンション,東京都新宿区西新宿５丁目,13階建て, 都営大江戸線 西新宿五丁目駅/徒歩1分都営大江戸線 都庁前駅/徒歩10分東京メトロ丸ノ内線 中野坂上駅/徒歩12分,築11年,鉄筋コンクリート,13階,10.8万円,－,1ヶ月,1ヶ月,1R,26.82m²
ラ・トゥール新宿グランド,マンション,東京都新宿区西新宿８丁目,40階建て, 東京メトロ丸ノ内線 西新宿駅/徒歩3分都営大江戸線 都庁前駅/徒歩7分ＪＲ山手線 新宿駅/徒歩14分,築11年,鉄骨鉄筋コンクリート,8階,27.2万円,－,2ヶ月,－,1K,39m²
ＳｏＫｏ　ＰＡＲＣＯ,マンション,東京都新宿区百人町３丁目,5階建て, ＪＲ総武線 大久保駅/徒歩11分ＪＲ山手線 新大久保駅/徒歩11分ＪＲ山手線 高田馬場駅/徒歩12分,築0年,鉄筋コンクリート,3階,13.2万円,"5,000円",－,1ヶ月,1LDK,27.98m²
東京都新宿区西新宿８丁目,マンション,東京都新宿区西新宿８丁目,4階建て, ＪＲ山手線 新宿駅/徒歩14分東京メトロ丸ノ内線 西新宿駅/徒歩2分都営大江戸線 都庁前駅/徒歩9分,築12年,鉄筋コンクリート,2階,14.6万円,"5,000円",1ヶ月,1ヶ月,1DK,37.71m²
ｆｅｅｔｈ神楽坂,マンション,東京都新宿区北山伏町,7階建て, 都営大江戸線 牛込神楽坂駅/徒歩4分東京メトロ東西線 神楽坂駅/徒歩8分都営大江戸線 牛込柳町駅/徒歩9分,築13年,鉄筋コンクリート,2階,18.5万円,－,"185,000円","185,000円",1LDK,45.89m²
ドミール北新宿２,マンション,東京都新宿区北新宿１丁目,12階建て, ＪＲ総武線 大久保駅/徒歩3分ＪＲ山手線 新大久保駅/徒歩7分西武鉄道新宿線 西武新宿駅/徒歩9分,築14年,鉄骨鉄筋コンクリート,9階,8.5万円,"8,500円",1ヶ月,1ヶ月,1K,21m²
東京都新宿区北新宿１丁目,マンション,東京都新宿区北新宿１丁目,12階建て, ＪＲ総武線 大久保駅/徒歩3分ＪＲ山手線 新大久保駅/徒歩7分西武鉄道新宿線 西武新宿駅/徒歩9分,築14年,鉄骨鉄筋コンクリート,9階,8.5万円,"8,500円",1ヶ月,1ヶ月,1K,21m²
カスタリア市ヶ谷,マンション,東京都新宿区市谷薬王寺町,6階建て, 都営大江戸線 牛込柳町駅/徒歩5分都営新宿線 曙橋駅/徒歩10分都営大江戸線 若松河田駅/徒歩13分,築14年,鉄筋コンクリート,1階,10.6万円,"10,000円",1ヶ月,－,1R,24.29m²
東京都新宿区市谷薬王寺町,マンション,東京都新宿区市谷薬王寺町,6階建て, 都営大江戸線 牛込柳町駅/徒歩5分都営新宿線 曙橋駅/徒歩10分都営大江戸線 若松河田駅/徒歩13分,築14年,鉄筋コンクリート,1階,10.6万円,"10,000円",1ヶ月,－,1R,24.29m²
メゾン　ジャルダン南館,アパート,東京都新宿区愛住町,2階建て, 東京メトロ丸ノ内線 四谷三丁目駅/徒歩6分都営新宿線 曙橋駅/徒歩6分東京メトロ丸ノ内線 新宿御苑前駅/徒歩9分,築15年,軽量鉄骨,1階,8.8万円,"3,000円",1ヶ月,1ヶ月,1K,26.49m²
ラ・ステージ坂町,マンション,東京都新宿区四谷坂町,6階建て, 都営新宿線 曙橋駅/徒歩5分東京メトロ丸ノ内線 四ツ谷駅/徒歩12分東京メトロ丸ノ内線 四谷三丁目駅/徒歩11分,築15年,鉄筋コンクリート,5階,13.2万円,"15,000円",－,1ヶ月,1R,33.09m²
セルクル落合,マンション,東京都新宿区上落合１丁目,14階建て, 東京メトロ東西線 落合駅/徒歩5分ＪＲ総武線 東中野駅/徒歩12分都営大江戸線 中井駅/徒歩11分,築16年,鉄筋コンクリート,10階,12.9万円,"10,000円",1ヶ月,1ヶ月,1LDK,43.52m²
新宿７丁目マンション,マンション,東京都新宿区新宿７丁目,3階建て, 都営大江戸線 東新宿駅/徒歩4分都営大江戸線 若松河田駅/徒歩8分東京メトロ副都心線 西早稲田駅/徒歩13分,築16年,鉄筋コンクリート,2階,14.8万円,"8,000円",1ヶ月,1ヶ月,1LDK,38.07m²
ＨＦ西新宿レジデンスＥＡＳＴ,マンション,東京都新宿区西新宿８丁目,13階建て, 東京メトロ丸ノ内線 西新宿駅/徒歩5分ＪＲ総武線 大久保駅/徒歩7分西武鉄道新宿線 西武新宿駅/徒歩7分,築16年,鉄筋コンクリート,7階,15.3万円,"12,000円",1ヶ月,－,1LDK,37.72m²
ファーストリアルタワー新宿,マンション,東京都新宿区西新宿７丁目,32階建て, 都営大江戸線 新宿西口駅/徒歩4分ＪＲ山手線 新宿駅/徒歩8分ＪＲ総武線 大久保駅/徒歩6分,築17年,鉄筋コンクリート,8階,12.8万円,"10,000円",1ヶ月,－,1K,25.76m²
ＡＰＡガーデンズ新宿戸山公園,マンション,東京都新宿区新宿７丁目,11階建て, 都営大江戸線 東新宿駅/徒歩6分ＪＲ山手線 新大久保駅/徒歩11分東京メトロ副都心線 西早稲田駅/徒歩15分,築18年,鉄骨鉄筋コンクリート,1階,11万円,"12,000円",－,－,1DK,30.91m²
コンシェリアＲ四谷,マンション,東京都新宿区左門町,13階建て, 東京メトロ丸ノ内線 四谷三丁目駅/徒歩2分ＪＲ総武線 信濃町駅/徒歩9分中央本線（ＪＲ東日本） 四ツ谷駅/徒歩14分,築20年,鉄骨鉄筋コンクリート,5階,10.5万円,"10,000円",－,1ヶ月,1R,25.15m²
ルネ新宿御苑タワー,マンション,東京都新宿区新宿１丁目,25階建て, 東京メトロ丸ノ内線 新宿御苑前駅/徒歩4分東京メトロ副都心線 新宿三丁目駅/徒歩7分東京メトロ丸ノ内線 四谷三丁目駅/徒歩12分,築20年,鉄骨造,13階,12.9万円,－,"129,000円","129,000円",1R,28.3m²
東京都新宿区北新宿１丁目,アパート,東京都新宿区北新宿１丁目,2階建て, ＪＲ総武線 大久保駅/徒歩8分ＪＲ山手線 新大久保駅/徒歩10分東京メトロ丸ノ内線 西新宿駅/徒歩11分,築21年,木造,1階,7.5万円,"3,000円",－,1ヶ月,1K,16.95m²
パレステュディオ西新宿,マンション,東京都新宿区西新宿５丁目,7階建て, 都営大江戸線 西新宿五丁目駅/徒歩6分東京メトロ丸ノ内線 中野坂上駅/徒歩10分都営大江戸線 都庁前駅/徒歩13分,築21年,鉄筋コンクリート,4階,7.65万円,"8,500円",－,－,1K,21.05m²
シャルレ早稲田,マンション,東京都新宿区西早稲田３丁目,3階建て, 都電荒川線 面影橋駅/徒歩2分都電荒川線 早稲田駅/徒歩6分都電荒川線 学習院下駅/徒歩8分,築23年,鉄骨造,1階,7.5万円,"3,000円",1ヶ月,1ヶ月,1K,18.22m²
スカイコート新宿新都心,マンション,東京都新宿区西新宿８丁目,9階建て, 東京メトロ丸ノ内線 西新宿駅/徒歩3分西武鉄道新宿線 西武新宿駅/徒歩8分ＪＲ山手線 新宿駅/徒歩11分,築23年,鉄筋コンクリート,2階,9.35万円,"6,500円",1ヶ月,－,1K,19.71m²
ルート四谷三丁目,マンション,東京都新宿区大京町,4階建て, 東京メトロ丸ノ内線 四谷三丁目駅/徒歩5分東京メトロ丸ノ内線 新宿御苑前駅/徒歩9分ＪＲ総武線 信濃町駅/徒歩9分,築23年,鉄筋コンクリート,1階,9万円,"12,000円",－,1ヶ月,1R,27.47m²
ＳｏＫｏ　ＰＡＲＣＯ,マンション,東京都新宿区百人町３丁目,5階建て, ＪＲ総武線 大久保駅/徒歩11分ＪＲ山手線 新大久保駅/徒歩11分ＪＲ山手線 高田馬場駅/徒歩12分,築0年,鉄筋コンクリート,3階,13.2万円,"5,000円",－,1ヶ月,1LDK,27.98m²
メゾンリーブル,マンション,東京都新宿区西落合４丁目,3階建て, 都営大江戸線 落合南長崎駅/徒歩11分西武池袋・豊島線 東長崎駅/徒歩12分都営大江戸線 新江古田駅/徒歩13分,築24年,鉄骨造,2階,10.5万円,－,1ヶ月,－,2K,44.01m²
東京都新宿区高田馬場４丁目,アパート,東京都新宿区高田馬場４丁目,2階建て, ＪＲ山手線 高田馬場駅/徒歩2分東京メトロ副都心線 西早稲田駅/徒歩13分西武鉄道新宿線 下落合駅/徒歩14分,築25年,木造,1階,8.2万円,"3,000円",1ヶ月,1ヶ月,1K,26.22m²
アクレール落合,アパート,東京都新宿区上落合２丁目,2階建て, 西武鉄道新宿線 中井駅/徒歩4分東京メトロ東西線 落合駅/徒歩7分西武鉄道新宿線 下落合駅/徒歩11分,築30年,軽量鉄骨,1階,7.1万円,"2,000円",1ヶ月,1ヶ月,1K,21.18m²
サンライズビル,マンション,東京都新宿区北新宿４丁目,8階建て, ＪＲ総武線 東中野駅/徒歩8分ＪＲ総武線 大久保駅/徒歩11分東京メトロ東西線 落合駅/徒歩11分,築30年,鉄筋コンクリート,6階,7.2万円,"8,000円",1ヶ月,－,1R,23.4m²
東京都新宿区赤城下町,マンション,東京都新宿区赤城下町,4階建て, 東京メトロ東西線 神楽坂駅/徒歩5分東京メトロ有楽町線 江戸川橋駅/徒歩6分都営大江戸線 牛込神楽坂駅/徒歩12分,築34年,鉄骨造,3階,7万円,"3,000円",1ヶ月,1ヶ月,1DK,22.2m²
ホームガーデンひたち,マンション,東京都新宿区新宿７丁目,4階建て, 都営大江戸線 東新宿駅/徒歩8分都営大江戸線 若松河田駅/徒歩15分ＪＲ山手線 新大久保駅/徒歩12分,築34年,鉄筋コンクリート,1階,25.5万円,"5,000円",－,－,3LDK,93.4m²
ＳＵＮ　ＳＩＤＥ１０,マンション,東京都新宿区南元町,4階建て, ＪＲ総武線 信濃町駅/徒歩6分都営大江戸線 国立競技場駅/徒歩11分東京メトロ銀座線 青山一丁目駅/徒歩13分,築35年,鉄骨造,2階,9.1万円,"4,000円",1ヶ月,1ヶ月,1DK,22.7m²
東京都新宿区若松町,マンション,東京都新宿区若松町,8階建て, 都営大江戸線 若松河田駅/徒歩2分都営大江戸線 牛込柳町駅/徒歩7分東京メトロ東西線 早稲田駅/徒歩11分,築37年,鉄筋コンクリート,7階,8万円,"10,000円",1ヶ月,－,1K,22.41m²
ライオンズマンション新宿五丁目,マンション,東京都新宿区新宿５丁目,8階建て, 東京メトロ丸ノ内線 新宿三丁目駅/徒歩8分都営大江戸線 東新宿駅/徒歩9分ＪＲ総武線 新宿駅/徒歩10分,築38年,鉄骨鉄筋コンクリート,2階,7.8万円,－,1ヶ月,1ヶ月,1K,20.25m²
ラインビルド新宿御苑,マンション,東京都新宿区四谷４丁目,7階建て, 東京メトロ丸ノ内線 新宿御苑前駅/徒歩5分東京メトロ丸ノ内線 四谷三丁目駅/徒歩7分都営新宿線 曙橋駅/徒歩10分,築39年,鉄筋コンクリート,4階,6.7万円,"3,000円",1ヶ月,1ヶ月,1R,17.5m²
荒木町ビル,マンション,東京都新宿区荒木町,4階建て, 東京メトロ丸ノ内線 四谷三丁目駅/徒歩4分都営新宿線 曙橋駅/徒歩7分東京メトロ南北線 四ツ谷駅/徒歩10分,築39年,鉄骨造,2階,6.9万円,"2,000円",1ヶ月,－,1K,18.9m²
藤和新宿番衆町コープ,マンション,東京都新宿区新宿５丁目,10階建て, 東京メトロ丸ノ内線 新宿御苑前駅/徒歩6分東京メトロ丸ノ内線 新宿三丁目駅/徒歩6分都営大江戸線 東新宿駅/徒歩7分,築39年,鉄骨鉄筋コンクリート,2階,8.3万円,"6,000円","83,000円",－,1R,28.63m²
下落合ハウス,マンション,東京都新宿区下落合１丁目,10階建て, 西武鉄道新宿線 下落合駅/徒歩2分ＪＲ山手線 高田馬場駅/徒歩12分都営大江戸線 中井駅/徒歩12分,築39年,鉄骨鉄筋コンクリート,5階,12.5万円,"5,000円",1ヶ月,1ヶ月,2DK,43.52m²
パークグレース新宿,マンション,東京都新宿区西新宿４丁目,14階建て, 都営大江戸線 都庁前駅/徒歩5分京王電鉄京王線 初台駅/徒歩10分ＪＲ山手線 新宿駅/徒歩15分,築44年,鉄骨鉄筋コンクリート,4階,8万円,"7,000円",1ヶ月,－,1R,26.53m²
東邦ハイツ,マンション,東京都新宿区大京町,3階建て, 東京メトロ丸ノ内線 四谷三丁目駅/徒歩3分ＪＲ総武線 信濃町駅/徒歩7分都営大江戸線 国立競技場駅/徒歩12分,築44年,鉄筋コンクリート,2階,13.5万円,－,1ヶ月,1ヶ月,2DK,40.23m²
ダイアパレス新高,マンション,東京都新宿区市谷八幡町,10階建て, ＪＲ総武線 市ケ谷駅/徒歩3分東京メトロ有楽町線 麹町駅/徒歩9分中央本線（ＪＲ東日本） 四ツ谷駅/徒歩12分,築45年,鉄骨鉄筋コンクリート,7階,14万円,"10,000円",1ヶ月,1ヶ月,1LDK,51.2m²
東京都新宿区荒木町,マンション,東京都新宿区荒木町,5階建て, 都営新宿線 曙橋駅/徒歩2分東京メトロ丸ノ内線 四谷三丁目駅/徒歩8分中央本線（ＪＲ東日本） 四ツ谷駅/徒歩12分,築46年,鉄筋コンクリート,4階,10.5万円,"10,000円",2ヶ月,1ヶ月,1R,37.9m²
ＺＯＯＭ高田馬場ＷＥＳＴ,マンション,東京都新宿区高田馬場３丁目,6階建て, ＪＲ山手線 高田馬場駅/徒歩13分西武鉄道新宿線 下落合駅/徒歩4分西武鉄道新宿線 中井駅/徒歩13分,築1年,鉄筋コンクリート,1階,11.7万円,"6,000円",－,－,1K,26.09m²
ＰＡＳＥＯ四谷三丁目,マンション,東京都新宿区舟町,4階建て, 東京メトロ丸ノ内線 四谷三丁目駅/徒歩4分都営新宿線 曙橋駅/徒歩5分東京メトロ丸ノ内線 新宿御苑前駅/徒歩14分,築1年,鉄筋コンクリート,3階,19万円,"20,000円",－,－,1LDK,43.03m²
リージア曙橋,マンション,東京都新宿区片町,13階建て, 都営新宿線 曙橋駅/徒歩4分東京メトロ丸ノ内線 四谷三丁目駅/徒歩9分東京メトロ丸ノ内線 四ツ谷駅/徒歩12分,築1年,鉄筋コンクリート,13階,24万円,"20,000円",1ヶ月,－,1LDK,47.06m²
ＳｏＫｏ　ＰＡＲＣＯ,マンション,東京都新宿区百人町３丁目,5階建て, ＪＲ総武線 大久保駅/徒歩11分ＪＲ山手線 新大久保駅/徒歩11分ＪＲ山手線 高田馬場駅/徒歩12分,築0年,鉄筋コンクリート,3階,13.2万円,"5,000円",－,1ヶ月,1LDK,27.31m²
ハレマカニ御苑,マンション,東京都新宿区新宿１丁目,14階建て, 東京メトロ丸ノ内線 新宿御苑前駅/徒歩5分東京メトロ丸ノ内線 新宿三丁目駅/徒歩8分都営新宿線 曙橋駅/徒歩12分,築2年,鉄筋コンクリート,2階,12.6万円,－,1ヶ月,1ヶ月,1K,27.17m²
ＰＲＥＭＩＵＭ　ＣＵＢＥ　Ｇ　北新宿ＤＥＵＸ,マンション,東京都新宿区北新宿２丁目,4階建て, ＪＲ総武線 大久保駅/徒歩11分ＪＲ総武線 東中野駅/徒歩12分東京メトロ丸ノ内線 中野坂上駅/徒歩13分,築2年,鉄筋コンクリート,1階,11.95万円,"15,000円","119,500円","119,500円",1K,25.22m²
東京都新宿区高田馬場２丁目,アパート,東京都新宿区高田馬場２丁目,3階建て, ＪＲ山手線 高田馬場駅/徒歩6分東京メトロ副都心線 西早稲田駅/徒歩12分都電荒川線 学習院下駅/徒歩8分,築2年,軽量鉄骨,2階,16.5万円,"5,000円",－,－,1LDK,49.04m²
東京都新宿区赤城下町,マンション,東京都新宿区赤城下町,6階建て, 東京メトロ東西線 神楽坂駅/徒歩3分東京メトロ有楽町線 江戸川橋駅/徒歩8分都営大江戸線 牛込神楽坂駅/徒歩9分,築2年,鉄筋コンクリート,1階,21.3万円,"5,000円",1ヶ月,1ヶ月,1LDK,40.8m²
アヴァンティ高田馬場,アパート,東京都新宿区高田馬場３丁目,3階建て, 西武鉄道新宿線 下落合駅/徒歩8分東京メトロ東西線 落合駅/徒歩11分ＪＲ山手線 高田馬場駅/徒歩13分,築3年,木造,2階,7万円,"5,000円",－,－,1R,13.23m²
リーブルグラント西新宿　ＥＡＳＴ,マンション,東京都新宿区西新宿８丁目,14階建て, 東京メトロ丸ノ内線 西新宿駅/徒歩5分都営大江戸線 新宿西口駅/徒歩9分ＪＲ山手線 新宿駅/徒歩13分,築3年,鉄筋コンクリート,5階,12.5万円,"10,000円",1ヶ月,1ヶ月,1K,25.37m²
東京都新宿区大久保２丁目,マンション,東京都新宿区大久保２丁目,3階建て, 東京メトロ副都心線 西早稲田駅/徒歩4分都営大江戸線 東新宿駅/徒歩6分ＪＲ山手線 新大久保駅/徒歩13分,築4年,鉄筋コンクリート,2階,14.5万円,"5,000円",1ヶ月,1ヶ月,1LDK,38.18m²
Ｌａ　ｃａｓａ　ｄｉ　Ｍａｒｉ,アパート,東京都新宿区高田馬場３丁目,3階建て, 西武鉄道新宿線 下落合駅/徒歩7分ＪＲ山手線 高田馬場駅/徒歩10分西武鉄道新宿線 中井駅/徒歩16分,築6年,軽量鉄骨,2階,9.9万円,"5,000円",－,1ヶ月,1K,27.92m²
西新宿ガーデンテラス,テラスハウス,東京都新宿区西新宿３丁目,2階建て, 京王電鉄京王線 初台駅/徒歩5分都営大江戸線 都庁前駅/徒歩11分都営大江戸線 西新宿五丁目駅/徒歩11分,築6年,木造,2階,15万円,"6,000円",1ヶ月,1ヶ月,1LDK,49.68m²
Ｒｉｎｂａ　Ｓｈｉｎｊｕｋｕ　ｇｙｏｅｎ（リンバ新宿御苑）,マンション,東京都新宿区新宿１丁目,7階建て, 東京メトロ丸ノ内線 新宿御苑前駅/徒歩1分東京メトロ丸ノ内線 新宿三丁目駅/徒歩6分東京メトロ丸ノ内線 四谷三丁目駅/徒歩13分,築6年,鉄筋コンクリート,3階,20.8万円,"15,000円",2ヶ月,1ヶ月,1LDK,41.55m²
アジールコート新宿,マンション,東京都新宿区西新宿３丁目,15階建て, 京王電鉄京王線 新宿駅/徒歩10分京王電鉄京王線 初台駅/徒歩6分小田急小田原線 参宮橋駅/徒歩12分,築6年,鉄筋コンクリート,2階,12.1万円,"8,000円","121,000円",－,1K,25.03m²
Ｌｏｇ都庁前,マンション,東京都新宿区西新宿４丁目,6階建て, 都営大江戸線 都庁前駅/徒歩9分京王電鉄京王線 初台駅/徒歩10分都営大江戸線 西新宿五丁目駅/徒歩8分,築7年,鉄筋コンクリート,3階,11.4万円,"15,000円",－,－,1K,25.71m²
東京都新宿区富久町,マンション,東京都新宿区富久町,7階建て, 東京メトロ丸ノ内線 新宿御苑前駅/徒歩5分東京メトロ副都心線 新宿三丁目駅/徒歩8分東京メトロ丸ノ内線 四谷三丁目駅/徒歩14分,築7年,鉄筋コンクリート,4階,20万円,"10,000円",1ヶ月,1ヶ月,1LDK,44.86m²
ＰＲＥＭＩＵＭ　ＣＵＢＥ　飯田橋ｍｏ,マンション,東京都新宿区新小川町,4階建て, 東京メトロ東西線 飯田橋駅/徒歩5分東京メトロ東西線 神楽坂駅/徒歩12分東京メトロ丸ノ内線 後楽園駅/徒歩16分,築8年,鉄筋コンクリート,1階,10.95万円,"15,000円",－,"109,500円",1K,25.52m²
グリーニエ西新宿参番館,マンション,東京都新宿区西新宿８丁目,4階建て, 東京メトロ丸ノ内線 西新宿駅/徒歩4分都営大江戸線 都庁前駅/徒歩6分ＪＲ総武線 大久保駅/徒歩10分,築8年,鉄筋コンクリート,2階,12.2万円,"6,000円",1ヶ月,1ヶ月,1R,30.02m²
コンフォリア早稲田,マンション,東京都新宿区弁天町,5階建て, 都営大江戸線 牛込柳町駅/徒歩5分東京メトロ東西線 早稲田駅/徒歩9分都営大江戸線 若松河田駅/徒歩12分,築13年,鉄筋コンクリート,3階,11.9万円,"10,000円","119,000円",－,1K,29.28m²
メゾンカルム西新宿,マンション,東京都新宿区西新宿４丁目,5階建て, 都営大江戸線 西新宿五丁目駅/徒歩5分都営大江戸線 都庁前駅/徒歩11分京王電鉄京王線 初台駅/徒歩12分,築13年,鉄筋コンクリート,4階,16.1万円,"7,000円",1ヶ月,1ヶ月,1LDK,41.75m²
レジディア新宿イーストⅢ,マンション,東京都新宿区新宿５丁目,11階建て, 東京メトロ丸ノ内線 新宿三丁目駅/徒歩6分東京メトロ丸ノ内線 新宿御苑前駅/徒歩7分ＪＲ総武線 新宿駅/徒歩9分,築14年,鉄筋コンクリート,6階,9.9万円,"10,000円",1ヶ月,1ヶ月,1K,20.43m²
エクセレンテ神楽坂,マンション,東京都新宿区山吹町,12階建て, 東京メトロ有楽町線 江戸川橋駅/徒歩6分東京メトロ東西線 神楽坂駅/徒歩9分東京メトロ東西線 早稲田駅/徒歩10分,築15年,鉄筋コンクリート,8階,8.7万円,"5,000円",－,1ヶ月,1R,20.52m²
東京都新宿区西新宿６丁目,マンション,東京都新宿区西新宿６丁目,44階建て, 都営大江戸線 西新宿五丁目駅/徒歩5分都営大江戸線 都庁前駅/徒歩7分東京メトロ丸ノ内線 西新宿駅/徒歩10分,築15年,鉄筋コンクリート,22階,28万円,"18,000円",1ヶ月,1ヶ月,1LDK,55.16m²
ＳｏＫｏ　ＰＡＲＣＯ,マンション,東京都新宿区百人町３丁目,5階建て, ＪＲ総武線 大久保駅/徒歩11分ＪＲ山手線 新大久保駅/徒歩11分ＪＲ山手線 高田馬場駅/徒歩12分,築0年,鉄筋コンクリート,2階,13.1万円,"5,000円",－,1ヶ月,1LDK,27.98m²
サンピエス河田町,マンション,東京都新宿区河田町,9階建て, 都営大江戸線 若松河田駅/徒歩5分都営大江戸線 牛込柳町駅/徒歩8分都営新宿線 曙橋駅/徒歩8分,築17年,鉄筋コンクリート,8階,8.8万円,"10,000円",1ヶ月,－,1K,23m²
パレステュディオ新宿都庁前,マンション,東京都新宿区西新宿３丁目,16階建て, 都営大江戸線 都庁前駅/徒歩7分京王電鉄京王線 初台駅/徒歩8分ＪＲ山手線 新宿駅/徒歩12分,築17年,鉄骨鉄筋コンクリート,3階,8.65万円,"8,500円",－,－,1K,22.5m²
リヤドカガヤ,マンション,東京都新宿区四谷４丁目,6階建て, 東京メトロ丸ノ内線 四谷三丁目駅/徒歩3分東京メトロ丸ノ内線 新宿御苑前駅/徒歩7分都営新宿線 曙橋駅/徒歩10分,築17年,鉄筋コンクリート,3階,11.7万円,"6,000円",1ヶ月,1ヶ月,1R,29.7m²
レナトゥス四谷,マンション,東京都新宿区荒木町,6階建て, 東京メトロ丸ノ内線 四谷三丁目駅/徒歩4分都営新宿線 曙橋駅/徒歩5分ＪＲ総武線 四ツ谷駅/徒歩10分,築17年,鉄筋コンクリート,4階,15.5万円,"10,000円",－,1ヶ月,1LDK,39m²
サンテミリオン飯田橋,マンション,東京都新宿区新小川町,7階建て, 都営大江戸線 飯田橋駅/徒歩6分都営大江戸線 牛込神楽坂駅/徒歩11分東京メトロ東西線 神楽坂駅/徒歩12分,築18年,鉄筋コンクリート,4階,8万円,"9,000円",－,1ヶ月,1K,21.58m²
西新宿ＶＩＰ　ＲＯＹＡＬ,マンション,東京都新宿区西新宿６丁目,10階建て, 都営大江戸線 西新宿五丁目駅/徒歩5分東京メトロ丸ノ内線 西新宿駅/徒歩8分都営大江戸線 都庁前駅/徒歩10分,築18年,鉄筋コンクリート,4階,12.3万円,"7,000円",1ヶ月,1ヶ月,1K,34.16m²
シティタワー新宿新都心,マンション,東京都新宿区西新宿４丁目,36階建て, 都営大江戸線 西新宿五丁目駅/徒歩2分ＪＲ山手線 新宿駅/徒歩15分東京メトロ丸ノ内線 西新宿駅/徒歩10分,築18年,鉄筋コンクリート,21階,28万円,－,1ヶ月,1ヶ月,1LDK,56.32m²
ＳＡＮＥＩ　ＢＥＬＬＨＩＲＯ（サンエイベルヒロ）,マンション,東京都新宿区三栄町,4階建て, 東京メトロ丸ノ内線 四谷三丁目駅/徒歩6分都営新宿線 曙橋駅/徒歩7分中央本線（ＪＲ東日本） 四ツ谷駅/徒歩8分,築19年,鉄筋コンクリート,3階,10.8万円,"9,800円",－,2ヶ月,1R,30.72m²
東京都新宿区舟町,マンション,東京都新宿区舟町,14階建て, 東京メトロ丸ノ内線 四谷三丁目駅/徒歩2分都営新宿線 曙橋駅/徒歩6分東京メトロ丸ノ内線 新宿御苑前駅/徒歩12分,築19年,鉄骨鉄筋コンクリート,14階,11.4万円,"9,000円",1ヶ月,2ヶ月,1K,27.54m²
ポルタ西新宿,マンション,東京都新宿区西新宿５丁目,3階建て, 都営大江戸線 西新宿五丁目駅/徒歩5分東京メトロ丸ノ内線 西新宿駅/徒歩9分ＪＲ山手線 新宿駅/徒歩16分,築18年,鉄筋コンクリート,1階,9.4万円,"8,000円",1ヶ月,1ヶ月,1R,26.34m²
東京都新宿区西新宿８丁目,マンション,東京都新宿区西新宿８丁目,6階建て, 東京メトロ丸ノ内線 西新宿駅/徒歩6分西武鉄道新宿線 西武新宿駅/徒歩6分ＪＲ山手線 新宿駅/徒歩9分,築21年,鉄筋コンクリート,5階,7.9万円,"6,000円",1ヶ月,－,1K,19.38m²
スカイコートヴァンテアン早稲田,マンション,東京都新宿区西早稲田２丁目,13階建て, 東京メトロ副都心線 西早稲田駅/徒歩3分ＪＲ山手線 高田馬場駅/徒歩8分都電荒川線 面影橋駅/徒歩10分,築21年,鉄骨鉄筋コンクリート,2階,10.38万円,"10,200円",1ヶ月,－,1K,34.56m²
東京都新宿区築地町,マンション,東京都新宿区築地町,5階建て, 東京メトロ東西線 神楽坂駅/徒歩6分東京メトロ有楽町線 江戸川橋駅/徒歩6分都営大江戸線 牛込神楽坂駅/徒歩11分,築22年,ALC,5階,8.2万円,"5,500円",1ヶ月,1ヶ月,1K,22m²
ガラ・ステージ西新宿,マンション,東京都新宿区西新宿４丁目,7階建て, 都営大江戸線 西新宿五丁目駅/徒歩4分都営大江戸線 都庁前駅/徒歩8分東京メトロ丸ノ内線 西新宿駅/徒歩11分,築22年,鉄筋コンクリート,7階,11.1万円,"9,000円",1ヶ月,1ヶ月,1K,29.78m²
東京都新宿区余丁町,マンション,東京都新宿区余丁町,7階建て, 都営大江戸線 若松河田駅/徒歩6分都営大江戸線 東新宿駅/徒歩9分都営新宿線 曙橋駅/徒歩10分,築25年,鉄筋コンクリート,3階,7.2万円,"7,000円",－,－,1K,20.16m²
アベニール曙橋,マンション,東京都新宿区余丁町,7階建て, 都営大江戸線 若松河田駅/徒歩6分都営大江戸線 東新宿駅/徒歩9分都営新宿線 曙橋駅/徒歩9分,築25年,鉄筋コンクリート,3階,7.2万円,"7,000円",－,－,1K,20.16m²
ヒルトップ早稲田,マンション,東京都新宿区西早稲田２丁目,3階建て, 東京メトロ副都心線 西早稲田駅/徒歩6分,築26年,鉄筋コンクリート,2階,6.9万円,"4,000円",1ヶ月,1ヶ月,1K,19.89m²
ヴィラ夏目坂,アパート,東京都新宿区弁天町,2階建て, 東京メトロ東西線 早稲田駅/徒歩7分都営大江戸線 牛込柳町駅/徒歩5分都営大江戸線 若松河田駅/徒歩11分,築26年,軽量鉄骨,1階,7.4万円,"3,000円",1ヶ月,1ヶ月,1K,22.52m²
東京都新宿区上落合２丁目,アパート,東京都新宿区上落合２丁目,3階建て, 西武鉄道新宿線 下落合駅/徒歩5分都営大江戸線 中井駅/徒歩6分東京メトロ東西線 落合駅/徒歩11分,築27年,木造,2階,5.9万円,"3,000円",－,－,1K,16.01m²
ＰＲＥＺＩＯ（プレッチオ）,アパート,東京都新宿区西落合１丁目,2階建て, 都営大江戸線 落合南長崎駅/徒歩5分西武鉄道新宿線 中井駅/徒歩8分西武池袋・豊島線 椎名町駅/徒歩13分,築28年,木造,1階,11.9万円,－,1ヶ月,1ヶ月,2DK,40m²
ＳｏＫｏ　ＰＡＲＣＯ,マンション,東京都新宿区百人町３丁目,5階建て, ＪＲ総武線 大久保駅/徒歩11分ＪＲ山手線 新大久保駅/徒歩11分ＪＲ山手線 高田馬場駅/徒歩12分,築0年,鉄筋コンクリート,2階,13.1万円,"5,000円",－,1ヶ月,1LDK,27.31m²
東京都新宿区西五軒町,マンション,東京都新宿区西五軒町,6階建て, 東京メトロ有楽町線 江戸川橋駅/徒歩5分東京メトロ東西線 神楽坂駅/徒歩8分都営大江戸線 牛込神楽坂駅/徒歩12分,築29年,鉄筋コンクリート,3階,6.8万円,"7,000円",－,1ヶ月,1R,18.03m²
サンセール神楽坂,マンション,東京都新宿区西五軒町,6階建て, 東京メトロ有楽町線 江戸川橋駅/徒歩6分東京メトロ東西線 神楽坂駅/徒歩7分都営大江戸線 牛込神楽坂駅/徒歩12分,築31年,鉄筋コンクリート,2階,6.8万円,"5,000円",1ヶ月,1ヶ月,1R,18.03m²
ＮＫハイツ２,マンション,東京都新宿区北新宿２丁目 16-16,3階建て, 東京メトロ丸ノ内線 西新宿駅/徒歩11分ＪＲ総武線 大久保駅/徒歩14分都営大江戸線 中野坂上駅/徒歩9分,築31年,鉄筋コンクリート,2階,6.4万円,"3,000円",1ヶ月,－,1K,17.19m²
アビテ森野,アパート,東京都新宿区赤城下町,2階建て, 東京メトロ東西線 神楽坂駅/徒歩6分東京メトロ有楽町線 江戸川橋駅/徒歩6分都営大江戸線 牛込神楽坂駅/徒歩10分,築31年,木造,2階,11.4万円,"5,000円",1ヶ月,1ヶ月,1R,29.74m²
東京都新宿区大京町,マンション,東京都新宿区大京町,3階建て, 東京メトロ丸ノ内線 四谷三丁目駅/徒歩5分東京メトロ丸ノ内線 新宿御苑前駅/徒歩9分ＪＲ総武線 信濃町駅/徒歩12分,築32年,鉄筋コンクリート,3階,7.7万円,－,1ヶ月,－,1K,22.07m²
レオパレスＲＸコスモＭ,マンション,東京都新宿区北新宿３丁目,4階建て, ＪＲ総武線 大久保駅/徒歩9分ＪＲ山手線 新大久保駅/徒歩12分ＪＲ総武線 東中野駅/徒歩11分,築32年,鉄筋コンクリート,1階,8.2万円,"6,500円",－,－,1K,22.4m²
東京都新宿区大久保１丁目,マンション,東京都新宿区大久保１丁目,4階建て, ＪＲ山手線 新大久保駅/徒歩3分ＪＲ総武線 大久保駅/徒歩7分都営大江戸線 東新宿駅/徒歩8分,築34年,鉄筋コンクリート,1階,7万円,"4,000円",－,－,1R,18.9m²
東京都新宿区箪笥町,マンション,東京都新宿区箪笥町,9階建て, 都営大江戸線 牛込神楽坂駅/徒歩1分東京メトロ東西線 神楽坂駅/徒歩8分都営大江戸線 牛込柳町駅/徒歩11分,築35年,鉄筋コンクリート,2階,6.9万円,"9,000円",－,－,1R,19.76m²
トップ早稲田,マンション,東京都新宿区西早稲田２丁目,4階建て, 都電荒川線 早稲田駅/徒歩8分都電荒川線 面影橋駅/徒歩7分東京メトロ東西線 早稲田駅/徒歩10分,築38年,鉄筋コンクリート,3階,5.5万円,"10,000円",1ヶ月,1ヶ月,1R,13.97m²
東宏ハイム西新宿,マンション,東京都新宿区西新宿５丁目,4階建て, 都営大江戸線 西新宿五丁目駅/徒歩6分東京メトロ丸ノ内線 中野坂上駅/徒歩6分ＪＲ山手線 新宿駅/徒歩20分,築39年,鉄筋コンクリート,3階,7.5万円,"2,000円",1ヶ月,1ヶ月,1R,18.5m²
ライオンズマンション西新宿第６,マンション,東京都新宿区西新宿４丁目,5階建て, 都営大江戸線 西新宿五丁目駅/徒歩4分都営大江戸線 都庁前駅/徒歩6分東京メトロ丸ノ内線 西新宿駅/徒歩11分,築41年,鉄筋コンクリート,4階,7.1万円,"9,000円",1ヶ月,1ヶ月,1R,18.09m²
マンハイム西落合,アパート,東京都新宿区西落合１丁目,2階建て, 都営大江戸線 落合南長崎駅/徒歩10分西武鉄道新宿線 新井薬師前駅/徒歩12分西武鉄道新宿線 中井駅/徒歩14分,築44年,軽量鉄骨,1階,6.9万円,"6,000円",1ヶ月,－,1K,22.5m²
東京都新宿区西新宿８丁目,マンション,東京都新宿区西新宿８丁目,4階建て, 東京メトロ丸ノ内線 西新宿駅/徒歩2分都営大江戸線 新宿西口駅/徒歩11分ＪＲ山手線 新宿駅/徒歩12分,築44年,鉄筋コンクリート,2階,8.3万円,"4,000円",1ヶ月,1ヶ月,1R,26.74m²
四谷コーエイマンション,マンション,東京都新宿区富久町,13階建て, 都営新宿線 曙橋駅/徒歩5分東京メトロ丸ノ内線 四谷三丁目駅/徒歩7分東京メトロ丸ノ内線 新宿御苑前駅/徒歩11分,築50年,鉄骨鉄筋コンクリート,2階,7.8万円,－,1ヶ月,1ヶ月,1K,25.58m²
東京都新宿区西新宿８丁目,マンション,東京都新宿区西新宿８丁目,6階建て, 東京メトロ丸ノ内線 西新宿駅/徒歩2分ＪＲ山手線 新宿駅/徒歩12分都営大江戸線 都庁前駅/徒歩11分,築50年,鉄筋コンクリート,2階,7.5万円,"5,000円",－,－,1K,20.02m²
法師荘,アパート,東京都新宿区百人町２丁目,2階建て, ＪＲ山手線 新大久保駅/徒歩6分ＪＲ総武線 大久保駅/徒歩3分西武鉄道新宿線 西武新宿駅/徒歩13分,築59年,木造,2階,4.8万円,"5,000円",1ヶ月,1ヶ月,1R,11m²
東京都新宿区百人町２丁目,アパート,東京都新宿区百人町２丁目,2階建て, ＪＲ山手線 新大久保駅/徒歩6分ＪＲ総武線 大久保駅/徒歩3分西武鉄道新宿線 西武新宿駅/徒歩13分,築59年,木造,2階,4.8万円,"5,000円",1ヶ月,1ヶ月,1R,11m²
９９ベース四谷,アパート,東京都新宿区四谷４丁目,3階建て, 東京メトロ丸ノ内線 新宿御苑前駅/徒歩5分東京メトロ丸ノ内線 四谷三丁目駅/徒歩5分都営大江戸線 国立競技場駅/徒歩12分,築2年,木造,3階,7.7万円,"3,000円",－,－,1R,14.91m²
モダンテラス早稲田,マンション,東京都新宿区戸山１丁目,4階建て, 東京メトロ東西線 早稲田駅/徒歩5分都営大江戸線 若松河田駅/徒歩8分都営大江戸線 牛込柳町駅/徒歩12分,築2年,鉄筋コンクリート,1階,16.9万円,"10,000円",－,－,1LDK,48.56m²
東京都新宿区大京町,マンション,東京都新宿区大京町,10階建て, 東京メトロ丸ノ内線 四谷三丁目駅/徒歩7分東京メトロ丸ノ内線 新宿御苑前駅/徒歩10分都営大江戸線 国立競技場駅/徒歩11分,築2年,鉄筋コンクリート,1階,13万円,"10,000円",－,－,1K,25.44m²
ＳｏＫｏ　ＰＡＲＣＯ,マンション,東京都新宿区百人町３丁目,5階建て, ＪＲ総武線 大久保駅/徒歩11分ＪＲ山手線 新大久保駅/徒歩11分ＪＲ山手線 高田馬場駅/徒歩12分,築0年,鉄筋コンクリート,2階,13.1万円,"5,000円",－,1ヶ月,1LDK,27.31m²
グランハイツ曙橋,マンション,東京都新宿区住吉町,14階建て, 都営新宿線 曙橋駅/徒歩4分東京メトロ丸ノ内線 四谷三丁目駅/徒歩8分東京メトロ丸ノ内線 新宿御苑前駅/徒歩12分,築3年,鉄筋コンクリート,2階,10.7万円,"10,000円",1ヶ月,1ヶ月,1K,25.48m²
ＺＯＯＭ新宿西落合,マンション,東京都新宿区西落合１丁目,7階建て, 都営大江戸線 落合南長崎駅/徒歩6分西武池袋・豊島線 東長崎駅/徒歩14分西武鉄道新宿線 新井薬師前駅/徒歩15分,築3年,鉄筋コンクリート,4階,11.9万円,"8,000円",1ヶ月,1ヶ月,2K,30.42m²
レクシード神楽坂,マンション,東京都新宿区東五軒町,9階建て, 東京メトロ東西線 神楽坂駅/徒歩8分都営大江戸線 飯田橋駅/徒歩8分東京メトロ有楽町線 江戸川橋駅/徒歩10分,築3年,鉄筋コンクリート,2階,12.7万円,"15,000円",－,－,1K,26.16m²
プラティーク新宿原町,マンション,東京都新宿区原町２丁目,10階建て, 都営大江戸線 牛込柳町駅/徒歩2分東京メトロ東西線 早稲田駅/徒歩10分都営新宿線 曙橋駅/徒歩13分,築3年,鉄筋コンクリート,7階,14.6万円,"12,000円",1ヶ月,－,1DK,36.25m²
東京都新宿区西新宿６丁目,マンション,東京都新宿区西新宿６丁目,29階建て, ＪＲ山手線 新宿駅/徒歩12分東京メトロ丸ノ内線 西新宿駅/徒歩4分都営大江戸線 都庁前駅/徒歩12分,築3年,鉄骨鉄筋コンクリート,27階,33.1万円,"22,000円",1ヶ月,2ヶ月,1LDK,58.4m²
ＩＢＩＳ市ヶ谷,マンション,東京都新宿区払方町,6階建て, 都営大江戸線 牛込神楽坂駅/徒歩7分東京メトロ有楽町線 市ケ谷駅/徒歩7分東京メトロ東西線 神楽坂駅/徒歩13分,築4年,鉄筋コンクリート,2階,21.2万円,"10,000円",1ヶ月,－,1LDK,42.52m²
メインステージ若松河田,マンション,東京都新宿区若松町,13階建て, 都営大江戸線 若松河田駅/徒歩4分都営大江戸線 牛込柳町駅/徒歩7分東京メトロ東西線 早稲田駅/徒歩8分,築5年,鉄筋コンクリート,12階,11.4万円,"15,000円",－,1ヶ月,1K,25.32m²
東京都新宿区東五軒町,マンション,東京都新宿区東五軒町,11階建て, ＪＲ総武線 飯田橋駅/徒歩9分東京メトロ東西線 神楽坂駅/徒歩11分東京メトロ有楽町線 江戸川橋駅/徒歩9分,築6年,鉄筋コンクリート,7階,11.5万円,"10,000円",－,－,1K,25.5m²
ＺＯＯＭ西新宿,マンション,東京都新宿区北新宿１丁目,13階建て, 東京メトロ丸ノ内線 西新宿駅/徒歩6分西武鉄道新宿線 西武新宿駅/徒歩10分ＪＲ総武線 大久保駅/徒歩11分,築7年,鉄筋コンクリート,9階,11.9万円,"10,000円",1ヶ月,1ヶ月,1K,25.31m²
グランヴィスタ四ツ谷,アパート,東京都新宿区若葉１丁目,2階建て, 東京メトロ丸ノ内線 四谷三丁目駅/徒歩4分東京メトロ丸ノ内線 四ツ谷駅/徒歩9分都営新宿線 曙橋駅/徒歩11分,築7年,木造,2階,16.3万円,"3,000円",1ヶ月,1ヶ月,1LDK,45.73m²
グリーニエ西新宿弐番館,マンション,東京都新宿区西新宿８丁目,4階建て, 東京メトロ丸ノ内線 西新宿駅/徒歩2分都営大江戸線 都庁前駅/徒歩9分東京メトロ丸ノ内線 新宿駅/徒歩12分,築9年,鉄筋コンクリート,1階,12.3万円,"5,000円",1ヶ月,1ヶ月,1DK,30.03m²
ＪＰ　ｎｏｉｅ　早稲田,マンション,東京都新宿区西早稲田２丁目,10階建て, 東京メトロ東西線 早稲田駅/徒歩6分東京メトロ副都心線 西早稲田駅/徒歩9分都電荒川線 早稲田駅/徒歩11分,築9年,鉄筋コンクリート,3階,13万円,"3,000円",－,1ヶ月,1K,26.15m²
ヴェルデコート西新宿,マンション,東京都新宿区西新宿８丁目,12階建て, 東京メトロ丸ノ内線 西新宿駅/徒歩4分ＪＲ山手線 新宿駅/徒歩13分ＪＲ総武線 大久保駅/徒歩10分,築9年,鉄筋コンクリート,2階,18.4万円,"10,000円",1ヶ月,1ヶ月,1LDK,45.15m²
アペルト西新宿,マンション,東京都新宿区西新宿５丁目,7階建て, 都営大江戸線 西新宿五丁目駅/徒歩6分東京メトロ丸ノ内線 中野坂上駅/徒歩6分都営大江戸線 都庁前駅/徒歩10分,築12年,鉄筋コンクリート,4階,9.9万円,"13,000円",1ヶ月,－,1K,22.92m²
アメニティーコート上落合,マンション,東京都新宿区上落合１丁目,3階建て, 都営大江戸線 中井駅/徒歩6分東京メトロ東西線 落合駅/徒歩8分西武鉄道新宿線 下落合駅/徒歩8分,築13年,鉄骨造,1階,10.4万円,"5,000円",1ヶ月,－,1K,30.71m²
セントラルパークタワー・ラ・トゥール新宿,マンション,東京都新宿区西新宿６丁目,44階建て, 都営大江戸線 都庁前駅/徒歩5分東京メトロ丸ノ内線 西新宿駅/徒歩6分ＪＲ山手線 新宿駅/徒歩14分,築13年,鉄筋コンクリート,15階,20万円,－,2ヶ月,1ヶ月,1R,33.82m²
ルーブル早稲田伍番館,マンション,東京都新宿区早稲田町,7階建て, 東京メトロ東西線 早稲田駅/徒歩1分都電荒川線 早稲田駅/徒歩10分都営大江戸線 牛込柳町駅/徒歩15分,築15年,鉄筋コンクリート,1階,8.8万円,－,－,1ヶ月,1K,20.25m²
東京都新宿区新宿１丁目,マンション,東京都新宿区新宿１丁目,15階建て, 東京メトロ丸ノ内線 新宿御苑前駅/徒歩2分都営新宿線 新宿三丁目駅/徒歩6分東京メトロ丸ノ内線 四谷三丁目駅/徒歩15分,築15年,鉄筋コンクリート,12階,10.1万円,"9,000円",1ヶ月,2ヶ月,1K,23.49m²
プレサンス新宿御苑前アルティメット,マンション,東京都新宿区新宿５丁目,13階建て, 東京メトロ丸ノ内線 新宿御苑前駅/徒歩6分東京メトロ丸ノ内線 新宿三丁目駅/徒歩7分ＪＲ総武線 新宿駅/徒歩15分,築15年,鉄筋コンクリート,2階,19万円,"10,500円",－,1ヶ月,1LDK,41.18m²
ＫＤＸレジデンス神楽坂通,マンション,東京都新宿区矢来町,15階建て, 東京メトロ東西線 神楽坂駅/徒歩2分東京メトロ有楽町線 江戸川橋駅/徒歩10分都営大江戸線 牛込神楽坂駅/徒歩10分,築16年,鉄骨鉄筋コンクリート,14階,12.4万円,"8,000円",1ヶ月,1ヶ月,1R,25.47m²
ＳｏＫｏ　ＰＡＲＣＯ,マンション,東京都新宿区百人町３丁目,5階建て, ＪＲ総武線 大久保駅/徒歩11分ＪＲ山手線 新大久保駅/徒歩11分ＪＲ山手線 高田馬場駅/徒歩12分,築0年,鉄筋コンクリート,3階,13.2万円,"5,000円",－,1ヶ月,1LDK,27.98m²
東京都新宿区喜久井町,マンション,東京都新宿区喜久井町,7階建て, 東京メトロ東西線 早稲田駅/徒歩2分都営大江戸線 若松河田駅/徒歩10分都営大江戸線 牛込柳町駅/徒歩10分,築17年,鉄筋コンクリート,4階,23.1万円,"8,000円",1ヶ月,－,1LDK,50m²
カスタリア新宿夏目坂,マンション,東京都新宿区喜久井町,7階建て, 東京メトロ東西線 早稲田駅/徒歩2分都営大江戸線 若松河田駅/徒歩10分都営大江戸線 牛込柳町駅/徒歩10分,築17年,鉄筋コンクリート,4階,23.1万円,"8,000円",1ヶ月,－,1LDK,50m²
ルーブル神楽坂弐番館,マンション,東京都新宿区矢来町,7階建て, 東京メトロ東西線 神楽坂駅/徒歩4分都営大江戸線 牛込神楽坂駅/徒歩9分東京メトロ有楽町線 江戸川橋駅/徒歩10分,築18年,鉄筋コンクリート,4階,7.9万円,"10,600円",－,1ヶ月,1K,20.25m²
アデッソ新宿若松町（ＡＤＥＳＳＯ）,マンション,東京都新宿区若松町,12階建て, 都営大江戸線 若松河田駅/徒歩3分都営大江戸線 牛込柳町駅/徒歩8分東京メトロ東西線 早稲田駅/徒歩9分,築18年,鉄骨鉄筋コンクリート,7階,8.2万円,"8,000円",1ヶ月,1ヶ月,1K,21.8m²
東京都新宿区天神町,マンション,東京都新宿区天神町,11階建て, 東京メトロ東西線 神楽坂駅/徒歩6分東京メトロ有楽町線 江戸川橋駅/徒歩6分東京メトロ東西線 早稲田駅/徒歩11分,築18年,鉄筋コンクリート,10階,8.5万円,"7,000円",－,1ヶ月,1K,20.86m²
レキシントンスクエア曙橋,マンション,東京都新宿区余丁町,9階建て, 都営大江戸線 若松河田駅/徒歩6分都営新宿線 曙橋駅/徒歩10分都営大江戸線 東新宿駅/徒歩11分,築18年,鉄筋コンクリート,2階,8.7万円,"10,000円",－,－,1K,23.43m²
カスタリア新宿御苑Ⅱ,マンション,東京都新宿区新宿１丁目,10階建て, 東京メトロ丸ノ内線 新宿御苑前駅/徒歩3分都営新宿線 新宿三丁目駅/徒歩8分都営新宿線 曙橋駅/徒歩11分,築18年,鉄筋コンクリート,10階,9.5万円,"12,000円",1ヶ月,－,1K,24.77m²
ヴェルト新宿イースト,マンション,東京都新宿区大久保１丁目,14階建て, ＪＲ山手線 新大久保駅/徒歩7分東京メトロ副都心線 東新宿駅/徒歩2分ＪＲ湘南新宿ライン 新宿駅/徒歩13分,築18年,鉄筋コンクリート,3階,8.8万円,"10,000円",－,1ヶ月,1K,20.45m²
ウエストシティ,マンション,東京都新宿区西新宿３丁目,4階建て, 京王電鉄京王線 初台駅/徒歩8分ＪＲ山手線 新宿駅/徒歩15分小田急小田原線 参宮橋駅/徒歩12分,築19年,鉄筋コンクリート,3階,8万円,－,1ヶ月,1ヶ月,1R,26.46m²
クレイン四谷,マンション,東京都新宿区若葉１丁目,4階建て, 東京メトロ丸ノ内線 四谷三丁目駅/徒歩5分ＪＲ総武線 四ツ谷駅/徒歩8分都営新宿線 曙橋駅/徒歩11分,築20年,鉄筋コンクリート,1階,8.5万円,"5,000円",1ヶ月,1ヶ月,1R,23.77m²
シエン・コンドミニオ,マンション,東京都新宿区百人町２丁目,6階建て, ＪＲ山手線 新大久保駅/徒歩6分西武鉄道新宿線 西武新宿駅/徒歩16分ＪＲ総武線 大久保駅/徒歩4分,築22年,鉄筋コンクリート,2階,17.5万円,－,1ヶ月,1ヶ月,1LDK,40.77m²
東京都新宿区西早稲田２丁目,マンション,東京都新宿区西早稲田２丁目,3階建て, 東京メトロ副都心線 西早稲田駅/徒歩6分,築26年,鉄筋コンクリート,2階,6.9万円,"4,000円",1ヶ月,1ヶ月,1K,19.89m²
トーシン・プラネット新宿,マンション,東京都新宿区北新宿４丁目,6階建て, ＪＲ総武線 東中野駅/徒歩8分ＪＲ総武線 大久保駅/徒歩10分東京メトロ東西線 落合駅/徒歩12分,築30年,鉄筋コンクリート,4階,6.5万円,"4,000円",－,1ヶ月,1R,21.14m²
フラットＭＯＮＡ,マンション,東京都新宿区西落合１丁目,6階建て, 都営大江戸線 落合南長崎駅/徒歩3分西武池袋・豊島線 東長崎駅/徒歩13分,築30年,鉄筋コンクリート,5階,8.5万円,"8,000円",1ヶ月,1ヶ月,1K,20m²
グランメール落合,マンション,東京都新宿区上落合１丁目,6階建て, 西武鉄道新宿線 下落合駅/徒歩4分都営大江戸線 中井駅/徒歩8分東京メトロ東西線 落合駅/徒歩10分,築30年,鉄筋コンクリート,3階,11.5万円,"8,000円",1ヶ月,1ヶ月,1LDK,47.42m²
ブリティホワイトパレス,アパート,東京都新宿区西新宿５丁目,2階建て, 都営大江戸線 西新宿五丁目駅/徒歩3分都営大江戸線 都庁前駅/徒歩10分ＪＲ山手線 新宿駅/徒歩18分,築33年,木造,2階,6万円,"2,000円",－,－,1R,18.42m²
オークハイツ,マンション,東京都新宿区北新宿３丁目,4階建て, 都営大江戸線 東中野駅/徒歩8分ＪＲ総武線 大久保駅/徒歩10分ＪＲ山手線 新大久保駅/徒歩14分,築34年,鉄筋コンクリート,1階,7.2万円,"3,000円",1ヶ月,－,1R,20.14m²
グリーンコート四谷,マンション,東京都新宿区愛住町,3階建て, 東京メトロ丸ノ内線 四谷三丁目駅/徒歩5分都営新宿線 曙橋駅/徒歩6分東京メトロ丸ノ内線 新宿御苑前駅/徒歩14分,築34年,鉄筋コンクリート,2階,11.3万円,"6,000円",1ヶ月,1ヶ月,1LDK,39m²
ライオンズマンション西新宿第５,マンション,東京都新宿区西新宿４丁目,5階建て, 都営大江戸線 西新宿五丁目駅/徒歩4分都営大江戸線 都庁前駅/徒歩9分ＪＲ山手線 新宿駅/徒歩19分,築41年,鉄筋コンクリート,1階,7.5万円,－,1ヶ月,1ヶ月,1R,20.79m²
ライオンズマンション信濃町,マンション,東京都新宿区南元町,6階建て, ＪＲ総武線 信濃町駅/徒歩7分都営大江戸線 国立競技場駅/徒歩12分東京メトロ丸ノ内線 四ツ谷駅/徒歩13分,築41年,鉄筋コンクリート,3階,16.5万円,－,1ヶ月,1ヶ月,2SDK,51.53m²
ＳｏＫｏ　ＰＡＲＣＯ,マンション,東京都新宿区百人町３丁目,5階建て, ＪＲ総武線 大久保駅/徒歩11分ＪＲ山手線 新大久保駅/徒歩11分ＪＲ山手線 高田馬場駅/徒歩12分,築0年,鉄筋コンクリート,3階,13.2万円,"5,000円",－,1ヶ月,1LDK,27.98m²
メゾン・ド・モナーク,マンション,東京都新宿区大京町,5階建て, 東京メトロ丸ノ内線 四谷三丁目駅/徒歩8分都営大江戸線 国立競技場駅/徒歩8分ＪＲ総武線 信濃町駅/徒歩10分,築44年,鉄筋コンクリート,3階,5.9万円,"5,000円",－,－,1R,15.08m²
イトーピア信濃町マンション,マンション,東京都新宿区南元町,6階建て, ＪＲ総武線 信濃町駅/徒歩6分都営大江戸線 国立競技場駅/徒歩11分東京メトロ丸ノ内線 四谷三丁目駅/徒歩13分,築43年,鉄筋コンクリート,3階,24万円,"51,600円","240,000円","240,000円",3LDK,84.74m²
ヴェラハイツ市ヶ谷,マンション,東京都新宿区片町,10階建て, 都営新宿線 曙橋駅/徒歩2分東京メトロ丸ノ内線 四谷三丁目駅/徒歩8分都営大江戸線 牛込柳町駅/徒歩10分,築46年,鉄骨鉄筋コンクリート,2階,8.5万円,－,1ヶ月,－,1R,24.3m²
御苑コーポビアネーズ,マンション,東京都新宿区新宿１丁目,7階建て, 東京メトロ丸ノ内線 新宿御苑前駅/徒歩4分東京メトロ丸ノ内線 四谷三丁目駅/徒歩9分都営新宿線 新宿三丁目駅/徒歩10分,築52年,鉄筋コンクリート,5階,15万円,"10,000円",2ヶ月,－,1R,51.57m²
ＳＵＮＩＶＡＳ飯田橋,マンション,東京都新宿区新小川町,5階建て, ＪＲ総武線 飯田橋駅/徒歩6分都営大江戸線 牛込神楽坂駅/徒歩10分東京メトロ東西線 神楽坂駅/徒歩11分,築0年,鉄筋コンクリート,2階,21.3万円,"14,000円",－,－,1LDK,39.47m²
ユゥーアップー四ツ谷,マンション,東京都新宿区四谷２丁目,12階建て, 東京メトロ丸ノ内線 四谷三丁目駅/徒歩5分中央本線（ＪＲ東日本） 四ツ谷駅/徒歩8分都営新宿線 曙橋駅/徒歩11分,築1年,鉄筋コンクリート,2階,14.2万円,"10,000円",1ヶ月,－,1K,30m²
ザ・アーバンテラス高田馬場,アパート,東京都新宿区高田馬場３丁目,2階建て, 西武鉄道新宿線 高田馬場駅/徒歩7分西武鉄道新宿線 下落合駅/徒歩7分西武鉄道新宿線 中井駅/徒歩15分,築2年,木造,1階,6.1万円,"4,000円",1ヶ月,1ヶ月,1R,10.23m²
セジョリ西早稲田Ⅱ,マンション,東京都新宿区西早稲田１丁目,11階建て, 東京メトロ東西線 早稲田駅/徒歩7分都電荒川線 早稲田駅/徒歩4分都電荒川線 面影橋駅/徒歩9分,築2年,鉄筋コンクリート,2階,10.8万円,"10,000円",－,"108,000円",1K,25.89m²
市谷仲之町ヒルズ　クレスト（Ｎｏｒｔｈ棟）,マンション,東京都新宿区市谷仲之町,6階建て, 都営新宿線 曙橋駅/徒歩4分都営大江戸線 牛込柳町駅/徒歩10分東京メトロ丸ノ内線 四谷三丁目駅/徒歩11分,築2年,鉄筋コンクリート,3階,12.4万円,"7,000円",1ヶ月,1ヶ月,1K,29.73m²
ＰＡＳＥＯ四ツ谷,マンション,東京都新宿区四谷三栄町,5階建て, 東京メトロ丸ノ内線 四谷三丁目駅/徒歩5分中央本線（ＪＲ東日本） 四ツ谷駅/徒歩7分都営新宿線 曙橋駅/徒歩7分,築2年,鉄筋コンクリート,1階,12.7万円,"18,000円",－,－,1R,25.75m²
ＬＩＧＨＴ　ＴＥＲＲＡＣＥ　新宿御苑,マンション,東京都新宿区新宿１丁目,18階建て, 東京メトロ丸ノ内線 新宿御苑前駅/徒歩5分東京メトロ丸ノ内線 新宿三丁目駅/徒歩8分東京メトロ丸ノ内線 新宿駅/徒歩16分,築2年,鉄筋コンクリート,5階,34.5万円,"15,000円",1ヶ月,1ヶ月,3LDK,65.31m²
メイクスデザイン神楽坂,マンション,東京都新宿区山吹町,12階建て, 東京メトロ有楽町線 江戸川橋駅/徒歩6分東京メトロ東西線 神楽坂駅/徒歩8分東京メトロ東西線 早稲田駅/徒歩12分,築3年,鉄筋コンクリート,8階,10.7万円,"12,000円",－,1ヶ月,1K,25.55m²
レックスガーデン神楽坂北町,マンション,東京都新宿区北町,8階建て, 都営大江戸線 牛込神楽坂駅/徒歩3分東京メトロ東西線 神楽坂駅/徒歩10分都営大江戸線 飯田橋駅/徒歩10分,築3年,鉄筋コンクリート,1階,15.1万円,"20,000円",2ヶ月,1ヶ月,1LDK,41.12m²
市谷仲之町ビューアパートメント,マンション,東京都新宿区市谷仲之町,12階建て, 都営新宿線 曙橋駅/徒歩5分都営大江戸線 牛込柳町駅/徒歩8分都営大江戸線 若松河田駅/徒歩10分,築4年,鉄筋コンクリート,2階,10.4万円,"10,000円",1ヶ月,1ヶ月,1K,25.39m²
東京都新宿区上落合１丁目,アパート,東京都新宿区上落合１丁目,2階建て, 西武鉄道新宿線 下落合駅/徒歩3分東京メトロ東西線 落合駅/徒歩8分都営大江戸線 中井駅/徒歩7分,築4年,木造,1階,11.9万円,"3,000円",1ヶ月,1ヶ月,1LDK,35.99m²
プレミアムキューブＧ市谷甲良町,マンション,東京都新宿区市谷甲良町,14階建て, 都営大江戸線 牛込柳町駅/徒歩4分都営大江戸線 牛込神楽坂駅/徒歩12分東京メトロ東西線 神楽坂駅/徒歩13分,築4年,鉄筋コンクリート,5階,12.2万円,"15,000円",－,"122,000円",1K,25.2m²
クロスレジデンス飯田橋,マンション,東京都新宿区新小川町,13階建て, ＪＲ総武線 飯田橋駅/徒歩5分都営大江戸線 牛込神楽坂駅/徒歩10分東京メトロ丸ノ内線 後楽園駅/徒歩16分,築4年,鉄筋コンクリート,3階,12.8万円,"10,000円",1ヶ月,－,1K,26.32m²
アルトゥーラ中井,マンション,東京都新宿区中井２丁目,3階建て, 都営大江戸線 中井駅/徒歩4分都営大江戸線 落合南長崎駅/徒歩11分東京メトロ東西線 落合駅/徒歩11分,築4年,鉄骨造,1階,13.8万円,"4,000円",1ヶ月,1ヶ月,1LDK,41.86m²
東京都新宿区西新宿５丁目,マンション,東京都新宿区西新宿５丁目,3階建て, 都営大江戸線 西新宿五丁目駅/徒歩3分都営大江戸線 都庁前駅/徒歩7分ＪＲ山手線 新宿駅/徒歩17分,築6年,鉄筋コンクリート,1階,9.8万円,－,1ヶ月,－,1K,11.16m²
東京都新宿区大京町,マンション,東京都新宿区大京町,10階建て, ＪＲ総武線 千駄ケ谷駅/徒歩5分都営大江戸線 国立競技場駅/徒歩3分東京メトロ丸ノ内線 四谷三丁目駅/徒歩13分,築6年,鉄筋コンクリート,2階,11.75万円,"12,000円",1ヶ月,2ヶ月,2K,27.6m²
